Name,RequiredExpLevel,RecommendedExpLevel,Difficulty,TutorialFlow,GiverLevel,GiverObjectType,MissionLevel,ReceiverLevel,ReceiverObjectType,Dependency,TaskType,TaskObject,TaskObjectCount,TaskLootSourceObject,TaskLevel,CustomReward,XPReward,CashReward,DailyMission,RequiredCharacterClass,Deprecated,EnablesTutorial,Item,ItemEnhancement,ItemCount,Item_Bodyguard,ItemEnhancement_Bodyguard,Item_Hunter,ItemEnhancement_Hunter,Item_Doctor,ItemEnhancement_Doctor,Item,ItemEnhancement,ItemCount,Item_Bodyguard,ItemEnhancement_Bodyguard,Item_Hunter,ItemEnhancement_Hunter,Item_Doctor,ItemEnhancement_Doctor,MissionGroup,RewardIngredient,RewardIngredientAmount,MidTermObjectivePath
REPLACE_ME5,,,Easy,,,,,,,,,,,,,,,,,,TRUE,,,,,,,,,,,,,,,,,,,,,,,
Gasoline Order,2,4,Medium,,Achilles,Nicholas Morgil,Achilles,Achilles,Nicholas Morgil,,loot,Gasoline,3,,,,,,,,TRUE,,,,,,,,,,,,,,,,,,,,Rabid Pack,,,
Welcome to the Resistance,1,3,Easy,,Pipe Square,John Casmir,Pipe Square,Pipe Square,Lemmy Colorado,,talk,Lemmy Colorado,,,,,,,,,TRUE,,,,,,,,,,,,,,,,,,,,,,,
Police Truck,2,4,Medium,,Freedom Woods,Lemmy Colorado,Freedom Woods,Freedom Woods,Lemmy Colorado,,use,Useable_labycorecar,2,,,,,,,,TRUE,,Small Medikit,,2,,,,,,,,,,,,,,,,The Fugitive,,,
"Drugs, Up In Smoke",2,4,Medium,,Achilles,Nicholas Morgil,Achilles,Achilles,Nicholas Morgil,Gasoline Order,use,Crop,3,,,,,,,,TRUE,,,,,,,,,,,,,,,,,,,,Rabid Pack,,,
Brutal Security,2,4,Medium,,Freedom Woods,Lemmy Colorado,Freedom Woods,Freedom Woods,Lemmy Colorado,Police Truck,escort,Lindsay,1,,,,,,,,TRUE,,Small Molotov Cocktail,,3,,,,,,,,,,,,,,,,The Fugitive,,,
Refuel,15,17,Medium,,Truck Dock,Xavier Chiarello,Truck Dock,Truck Dock,Xavier Chiarello,,loot,Gasoline,1,,,,,,,,,,,,1,,,,,,,,,,,,,,,,Prison Break,,,
Out Of The Woods,2,4,Easy,,Freedom Woods,Stan Kirby,Pulpy Way,Pulpy Way,Lloyd Brown,Police Truck,talk,Lloyd Brown,1,,,,,,,,TRUE,,,,,,,,,,,,,,,,,,,,The Fugitive,,,
REPLACE_ME4,,,Medium,,,,,,,,,,,,,,,,,,TRUE,,,,,,,,,,,,,,,,,,,,,,,
"Rebel, Rebel",3,5,Easy,,Pulpy Way,Michael McFly,Eureka Research,Eureka Research,,,talk,Avis Hyman,1,,,,,,,,TRUE,,,,,,,,,,,,,,,,,,,,The Underground Movement,,,
REPLACE_ME3,,,Medium,,,,,,,,,,,,,,20,25,,,TRUE,,,,,,,,,,,,,,,,,,,,,,,
First Contact,2,2,Easy,,Prison,,Prison,Prison,Communication Terminal,Break Out,talk,Communication Terminal,1,,,true,12,,,,TRUE,,,,10,,,,,,,,,,,,,,,,Prison Break,,,
Hooligan Group Leader,5,6,Easy,,Pipe Square,Lemmy Colorado,Pipe Square,Pipe Square,Lemmy Colorado,,eliminate,Elite Slasher Hooligan,1,,,,,,,,TRUE,,,,,,,,,,,,,,,,,,,,The Underground Movement,,,
Keep Moving,1,2,Medium,,Prison,Hartmann,Prison,Prison,Murphy,McGuyver Moment,talk,Murphy,1,,,true,15,,,,TRUE,,,,,,,,,,,,,,,,,,,,Prison Break,Bolts,8,
NOT_IN_USE 2 Immigration Center,1,2,Easy,,,,,,,,,,,,,,,,,,TRUE,,,,,,,,,,,,,,,,,,,,,,,
NOT_IN_USE 1 Immigration Center,1,2,Easy,,,,,,,,talk,Mason,1,,,,,,,,TRUE,,,,,,,,,,,,,,,,,,,,,,,
WIP 3,1,2,Easy,,,,,,,,,,,,,,,,,,TRUE,,,,,,,,,,,,,,,,,,,,,,,
WIP,1,2,Easy,,,,,,,,,,,,,,,,,,TRUE,,,,,,,,,,,,,,,,,,,,,,,
Meet Lemmy,2,4,Easy,,Wetlands,Maria,Freedom Woods,Freedom Woods,Lemmy Colorado,,talk,Lemmy Colorado,1,,,,,,,,TRUE,,,,,,,,,,,,,,,,,,,,The Underground Movement,,,
Head toward Pirate Bay,1,2,Medium,,Prison,Mason,Pulpy Way,Pulpy Way,Lloyd Brown,Break Out,talk,Lloyd Brown,1,,,true,25,,,,TRUE,exit_level,,,,,,,,,,,,,,,,,,,The Underground Movement,Bolts,25,graphics/mission/midterm_objective_01.png
OLD Money Never Sleeps,,,Medium,,,,,,,,,,,,,,,,,,TRUE,,,,,,,,,,,,,,,,,,,,,,,
OLD Escort,,,Medium,,,,,,,,,,,,,,,,,,TRUE,,,,,,,,,,,,,,,,,,,,,,,
"OLD Detective, again",,,Medium,,,,,,,,,,,,,,,,,,TRUE,,,,,,,,,,,,,,,,,,,,,,,
OLD Sail away,,,Medium,,,,,,,,,,,,,,,,,,TRUE,,,,,,,,,,,,,,,,,,,,,,,
OLD Information Is Beautiful,,,Medium,,,,,,,,,,,,,,,,,,TRUE,,,,,,,,,,,,,,,,,,,,,,,
REPLACE_me2,1,3,Easy,,,,,,,,,,,,,,,,,,TRUE,,,,,,,,,,,,,,,,,,,,,,,
REPLACE_ME,,,Easy,,,,,,,,,,,,,,,,,,TRUE,,,,,,,,,,,,,,,,,,,,,,,
Zero Tolerance,2,4,Medium,,Freedom Woods,Lemmy Colorado,Freedom Woods,Freedom Woods,Stan Kirby,Police Truck,use,usable_pp_controller_1,1,,,TRUE,25,60,,,TRUE,,,,,,,,,,,,,,,,,,,,The Fugitive,,,
,,,,,,,,,,,use,electric_booth,1,,,,,,,,,,,,,,,,,,,,,,,,,,,,,,,
REPLACE_ME6,,,Easy,,,,,,,,,,,,,TRUE,5,,,,TRUE,,,,,,,,,,,,,,,,,,,,,,,
Grim Gonzales,2,4,Hard,,Achilles,Nicholas Morgil,Achilles,Achilles,Nicholas Morgil,"Drugs, Up In Smoke",eliminate,Grim Gonzales,1,,Achilles,,,,,,TRUE,,,,,,,,,,,,,,,,,,,,Rabid Pack,,,
OLD Cargo Business,,,Medium,,,,,,,,,,,,,,,,,,TRUE,,,,,,,,,,,,,,,,,,,,,,,
OLD Sign For Duty,,,Easy,,,,,,,,,,,,,,,,,,TRUE,,,,,,,,,,,,,,,,,,,,,,,
OLD Searching The Yards,,,Easy,,,,,,,,,,,,,,,,,,TRUE,,,,,,,,,,,,,,,,,,,,,,,
OLD Searching the Yards II,,,Easy,,,,,,,,,,,,,,,,,,TRUE,,,,,,,,,,,,,,,,,,,,,,,
OLD Raiding the Labs,,,Easy,,,,,,,,,,,,,,,,,,TRUE,,,,,,,,,,,,,,,,,,,,,,,
OLD Raiding The Labs II,,,Easy,,,,,,,,,,,,,,,,,,TRUE,,,,,,,,,,,,,,,,,,,,,,,
Break Out,1,2,Medium,,Prison,Murphy,Prison,Prison,Mason,Custom Gun,talk,Mason,1,,,,,,,,TRUE,,,,,,,,,,,,,,,,,,,,Prison Break,Bolts,8,
OLD Se1,,,Medium,,,,,,,,,,,,,,,,,,TRUE,,,,,,,,,,,,,,,,,,,,,,,
OLD Missing Officer,,,Easy,,,,,,,,,,,,,,,,,,TRUE,,,,,,,,,,,,,,,,,,,,,,,
Smokin' Hot,5,7,Medium,,Troll's Lair,Mad Dog Architect,Troll's Lair,Troll's Lair,Rubert Jenkins,Lay of the Land,use,Crop,3,,,,,,,,TRUE,,,,,,,,,,,,,,,,,,,,Rabid Pack,,,
WIP: Counter Strike,,,Medium,,,,,,,,,,,,,,,,,,TRUE,,,,,,,,,,,,,,,,,,,,,,,
It's a Sabotage,5,7,Medium,,Troll's Lair,Rubert Jenkins,Troll's Lair,Troll's Lair,Rubert Jenkins,Smokin' Hot,escort,Rubert Jenkins,1,,,,,,,,TRUE,,,,,,,,,,,,,,,,,,,,Rabid Pack,,,
Report to Holden,5,7,Medium,,Troll's Lair,Rubert Jenkins,Pirate Bay,Pirate Bay,Holden Shunk,It's a Sabotage,talk,Holden Shunk,1,,,,,,,,TRUE,,,,,,,,,,,,,,,,,,,,Rabid Pack,,,
OLD Donovan The Trainer,,,Medium,,,,,,,,,,,,,,,,,,TRUE,,,,,,,,,,,,,,,,,,,,,,,
OLD1,,1,Easy,,,,,,,,,,,,,,,,,,TRUE,,,,,,,,,,,,,,,,,,,,,,,
OLD2,,1,Easy,,,,,,,,,,,,,,,,,,TRUE,,,,,,,,,,,,,,,,,,,,,,,
OLD3,,1,Easy,,,,,,,,,,,,,,,,,,TRUE,,,,,,,,,,,,,,,,,,,,,,,
OLD It's locked!,,,Medium,,,,,,,,,,,,,,,,,,TRUE,,,,,,,,,,,,,,,,,,,,,,,
OLD Checking out the area,,,Medium,,,,,,,,,,,,,,,,,,TRUE,,,,,,,,,,,,,,,,,,,,,,,
OLD New Friends,,,Medium,,,,,,,,,,,,,,,,,,TRUE,,,,,,,,,,,,,,,,,,,,,,,
Burning Down the House,4,6,Medium,,Pirate Bay,Alton Harvey,Weed Patch,Pirate Bay,Alton Harvey,"Go, Boy! Fetch!",use,,1,,,,,,,,TRUE,,,,,,,,,,,,,,,,,,,,The Initiation,,,
Blood Sample,4,6,Medium,,Pirate Bay,Alton Harvey,Pirate Bay,Pirate Bay,Alton Harvey,,talk,Alton Harvey,,,,,,,,,TRUE,,,,,,,,,,,,,,,,,,,,Homegrown,,,
A Dog As Courier? How Stupid Is That?,5,7,Medium,,Pirate Bay,Angel Garzon,Import Area,Pirate Bay,Angel Garzon,Must Be Talking To Angel,use,usable_car_1,1,,,,,,,,TRUE,,,,,,,,,,,,,,,,,,,,The Initiation,,,
Attack reservoir,11,13,Medium,,Oasis Health Station,Davey Knutsen,Fresh Water Reservoir,Fresh Water Reservoir,AI,Radio silence,talk,AI,1,,,,,,,,,,,,,,,,,,,,,,,,,,,,The Underground Movement,,,
"Your Chariot Awaits, Miss",28,30,Hard,,Pirate Bay,Angelina,Dawnbreak Square,Dawnbreak Square,Selena,,eliminate,DAEMON,1,,,,,,,,TRUE,,,,,,,,,,,,,,,,,,,,Catfight,,,
Must Be Talking To Angel,5,7,Easy,,Pirate Bay,Kaylee,Pirate Bay,Pirate Bay,Alton Harvey,Saving Skin,talk,Alton Harvey,,,,,,,,,TRUE,,,,,,,,,,,,,,,,,,,,The Initiation,,,
A Damsel in Distress,5,7,Medium,,Pirate Bay,Kaylee,Loading Bay,Loading Bay,Zoe,,talk,Zoe,1,,,,,,,,,,,,,,,,,,,,,,,,,,,,Human Trafficking,,,
Get Rid of the Rivals,6,7,Medium,,Loading Bay,Zoe,Container Yard,Internment,Virginia,Saving Skin,use,Useable_computer_front,1,,,,,,,,,,,,,,,,,,,,,,,,,,,,Human Trafficking,,,
,,,,,,,,,,,eliminate,Eastern Queen Heavy,1,,,,,,,,,,,,,,,,,,,,,,,,,,,,,,,
Saving Saffron,6,8,Medium,,Pirate Bay,Kaylee,Muck Beach,Pirate Bay,Kaylee,,escort,Saffron,1,,,,,,,,TRUE,,,,,,,,,,,,,,,,,,,,Stick it to the Man,,,
,,,,,,,,,,,use,usable_pp_controller_1,1,,,,,,,,,,,,,,,,,,,,,,,,,,,,,,,
Blockade Runner,9,11,Medium,,Pirate Bay,River,Desert Highway,Pirate Bay,River,,eliminate,Scarred Hooligan,8,,,,,,,,TRUE,,,,,,,,,,,,,,,,,,,,Harbor Side Quests,,,
,,,,,,,,,,,eliminate,Raging Ralph,1,,,,,,,,,,,,,,,,,,,,,,,,,,,,,,,
Blood & Fire,7,8,Medium,,Internment,Virginia,Internment,Pirate Bay,Kaylee,,eliminate,Mad Dog Handler,2,,,,,,,,,,,,,,,,,,,,,,,,,,,,Human Trafficking,,,
,,,,,,,,,,,eliminate,Dog,3,,,,,,,,,,,,,,,,,,,,,,,,,,,,,,,
,,,,,,,,,,,eliminate,Mad Dog Brawler,1,,,,,,,,,,,,,,,,,,,,,,,,,,,,,,,
,,,,,,,,,,,eliminate,Mad Dog Repair Man,1,,,,,,,,,,,,,,,,,,,,,,,,,,,,,,,
Payback Time,15,17,Medium,,Refinery,Robert,Raw Materials,Truck Dock,Xavier Chiarello,,use,Useable_labycorecar,4,,,,,,,,,,,,,,,,,,,,,,,,,,,,Molehills,,,
Unlock reservoir,11,13,Medium,,Fresh Water Reservoir,AI,Fresh Water Reservoir,Fresh Water Reservoir,AI,Attack reservoir,loot,Key Card,1,Hired Guns Engineer,,,,,,,,,,,,,,,,,,,,,,,,,,,Island Paradise,,,
Mopping up,11,13,Medium,,Water Purification Facility,Adelmo,Water Purification Facility,Water Purification Facility,Adelmo,Purify the plant,escort,Adelmo,1,,,,,,,,,,,,,,,,,,,,,,,,,,,,Island Paradise,,,
"If You Have a Plan, Stick to It",6,8,Medium,,Import Area,Mal Voorhis,Drydock,Import Area,Mal Voorhis,Confiscate This!,loot,Package,,Mad Dog Repair Man,,TRUE,60,50,,,TRUE,,,,,,,,,,,,,,,,,,,,,,,
Confiscate This!,6,8,Medium,,Container Yard,Wally Foston,Container Yard,Container Yard,Wally Foston,Saving Skin,eliminate,Dog,6,,,,,,,,,,,,,,,,,,,,,,,,,,,,Human Trafficking,,,
,,,,,,,,,,,eliminate,Mad Dog Gunner,1,,,,,,,,,,,,,,,,,,,,,,,,,,,,,,,
,,,,,,,,,,,eliminate,Mad Dog Handler,1,,,,,,,,,,,,,,,,,,,,,,,,,,,,,,,
,,,,,,,,,,,eliminate,Mad Dog Brawler,1,,,,,,,,,,,,,,,,,,,,,,,,,,,,,,,
Casualties Can't Be Avoided,7,9,Medium,,Magazine,Meryl,Magazine,Magazine,Meryl,Meet Meryl,talk,Drugged Valkyrie,1,,,,,,,,TRUE,,,,,,,,,,,,,,,,,,,,Stick it to the Man,,,
,,,,,,,,,,,loot,Package,2,,,,,,,,,,,,,,,,,,,,,,,,,,,,,,,
Electrician's Mate,15,16,Medium,,Truck Dock,Xavier Chiarello,Truck Dock,Truck Dock,Xavier Chiarello,,escort,De La Vega,1,,,,,,,,,,,,,,,,,,,,,,,,,,,,Better Living Through Chemistry,,,
,,,,,,,,,,,use,electric_booth,3,,,,,,,,,,,,,,,,,,,,,,,,,,,,,,,
Purify the plant,11,13,Medium,,Fresh Water Reservoir,Julio,Water Purification Facility,Fresh Water Reservoir,Julio,Reservoir dogs,eliminate,Assasino,1,,,,,,,,,,,,,,,,,,,,,,,,,,,,Desert Rage,,,
Crushed By The Wheels,15,16,Medium,,Alloy Plaza,Sammy Schomer,Refinery,Refinery,De La Vega,,talk,De La Vega,,,,,,,,,TRUE,,,,,,,,,,,,,,,,,,,,Better Living Through Chemistry,,,
Shock Dave,18,19,Medium,,Power Plant East,Communication Terminal,Power Plant South,Power Plant West,AI,Net Hack,eliminate,Shock Dave,1,,,,,,,,,,,,,,,,,,,,,,,,,,,,Power Trip,,,
Check pumps,11,13,Medium,,Seawater Intake,AI,Seawater Intake,Seawater Intake,AI,First a trickle,use,Waterpump,3,,,,,,,,,,,,,,,,,,,,,,,,,,,,Island Paradise,,,
Stolen cargo,10,12,Medium,,Desert Highway,De La Vega,Paradise Power,Desert Highway,De La Vega,Truck down,loot,Gunbox,1,,,,,,,,,,,,,,,,,,,,,,,,,,,,Desert Raiders,,,
,,,,,,,,,,,loot,Medical Box,2,,,,,,,,,,,,,,,,,,,,,,,,,,,,,,,
Leave No Man Behind,17,18,Medium,,Power Drive,AI,Power Plant East,Power Drive,AI,Net Hack,escort,Ricky Martinique,1,,,,,,,,TRUE,,,,,,,,,,,,,,,,,,,,Power to the People,,,
Saving Skin,5,6,Medium,,Loading Bay,Zoe,Loading Bay,Loading Bay,Zoe,A Damsel in Distress,escort,Zoe,1,,,,,,,,,,,,,,,,,,,,,,,,,,,,Human Trafficking,,,
That Little Snitch!,8,10,Medium,,Drydock,Adelle,Paradise Power,Drydock,Adelle,Kill Kingpin,talk,Anya,1,,,,,,,,TRUE,,,,,,,,,,,,,,,,,,,,Molehills,,,
Get a Job!,,1,Easy,,Omega Island Harbor,,Pirate Bay,Pirate Bay,Alton Harvey,,talk,Alton Harvey,1,,,TRUE,10,,,,TRUE,,,,,,,,,,,,,,,,,,,,,,,
Raiding the Drug Lab,8,10,Hard,,Pirate Bay,Wash,Weed Patch,Pirate Bay,Wash,,eliminate,Madman,1,,,,,,,,TRUE,,,,,,,,,,,,,,,,,,,,Homegrown,,,
,,,,,,,,,,,loot,Package,1,,,,,,,,,,,,,,,,,,,,,,,,,,,,,,,
"I'm Afraid I Was Very, Very Drunk!",8,10,Hard,,Pirate Bay,Tollman,Omega Island Harbor,Pirate Bay,Tollman,,loot,Package,1,,,,,,,,TRUE,,,,,,,,,,,,,,,,,,,,Stick it to the Man,,,
,,,,,,,,,,,eliminate,Labycore Enforcer,4,,,,,,,,,,,,,,,,,,,,,,,,,,,,,,,
,,,,,,,,,,,eliminate,The White Spider,1,,,,,,,,,,,,,,,,,,,,,,,,,,,,,,,
,,,,,,,,,,,use,Useable_computer_back,1,,,,,,,,,,,,,,,,,,,,,,,,,,,,,,,
Getting Our Boys Out,15,17,Medium,,Truck Dock,Ling Chon,Barracks,Truck Dock,Ling Chon,Refuel,talk,De La Vega,1,,,,,,,,,,,,,,,,,,,,,,,,,,,,Crushed By The Wheels,,,
Blackout,15,16,Medium,,Refinery,De La Vega,Refinery,Refinery,De La Vega,,use,electric_booth,2,,,,,,,,,,,,,,,,,,,,,,,,,,,,Power to the People,,,
Labycollector,17,18,Medium,,Power Drive,AI,Power Plant North,Power Drive,AI,Net Hack,eliminate,Security Trooper,10,,,,,,,,TRUE,,,,,,,,,,,,,,,,,,,,Power Trip,,,
,,,,,,,,,,,loot,Gunbox,4,Security Trooper,,,,,,,,,,,,,,,,,,,,,,,,,,,,,,
Security Does Not Equal Safety,14,16,Medium,,Oasis Health Station,Jarden Coggins,Paradise Power,Oasis Health Station,Jarden Coggins,,use,electric_booth,1,,,,,,,,TRUE,,,,,,,,,,,,,,,,,,,,"Sick, Sick, Sick",,,
Remember to hydrate,11,13,Medium,,Holiday Resort,Serrano,Holiday Resort,Holiday Resort,Serrano,RTFM,use,Coconut palm,3,,,,,,,,,,,,,,,,,,,,,,,,,,,,Island Paradise,,,
"Drugs, Dogs, and Depots",8,9,Medium,,Import Area,Mal Voorhis,Import Area,Import Area,Mal Voorhis,Meet Mal,loot,Explosive,3,,,,,,,,TRUE,,Flame Thrower,,2,,,,,,,,,,,,,,,,Human Trafficking,,,
,,,,,,,,,,,eliminate,Sheila,1,,,,,,,,,,,,,,,,,,,,,,,,,,,,,,,
"Go, Boy! Fetch!",4,6,Easy,,Pirate Bay,Alton Harvey,Pirate Bay,Pirate Bay,Alton Harvey,,loot,Package,1,,,,,,,,TRUE,,,,,,,,,,,,,,,,,,,,The Initiation,,,
"C'mon, Hurry Up Already!",4,6,Easy,,Pirate Bay,Inara,Pirate Bay,Pirate Bay,Inara,,talk,Neil Gudgel,1,,,,,,,,TRUE,,,,,,,,,,,,,,,,,,,,,,,
Am I Bugging You?,2,4,Medium,,Storehouse,Willow,Storehouse,Storehouse,Willow,,use,usable_pp_controller_1,1,,,,,,,,TRUE,,,,,,,,,,,,,,,,,,,,Harbor Side Quests,,,
Open Sesame,15,16,Medium,,Alloy Plaza,Duke,Wells Wharf,Wells Wharf,AI,,use,Useable_computer_front,1,,,,,,,,,,,,,,,,,,,,,,,,,,,,Better Living Through Chemistry,,,
Zeroing on Zegor,28,30,Hard,,Truck Dock,Xavier Chiarello,Power Plant West,Truck Dock,Xavier Chiarello,,use,electric_booth,1,,,,,,,,,,,,,,,,,,,,,,,,,,,,Molehills,,,
,,,,,,,,,,,eliminate,Chief Engineer,1,,,,,,,,,,,,,,,,,,,,,,,,,,,,,,,
OLD MiniMission3,,,Easy,,,,,,,,,,,,,,,,,,TRUE,,,,,,,,,,,,,,,,,,,,,,,
Hone Your Skills,2,4,Easy,,Storehouse,Willow,Storehouse,Storehouse,Willow,,talk,Curtis,1,,,,,,,,TRUE,,,,,,,,,,,,,,,,,,,,Harbor Side Quests,,,
A Beau in Distress,28,30,Hard,,Supply Depot,Kaylee,East Canal,Supply Depot,Kaylee,,eliminate,Akirun,1,,,,,,,,,,,,,,,,,,,,,,,,,,,,Old Town Side Quests,,,
,,,,,,,,,,,escort,Amador Carino,1,,,,,,,,,,,,,,,,,,,,,,,,,,,,,,,
,,,,,,,,,,,loot,Key Card,1,Akirun,,,,,,,,,,,,,,,,,,,,,,,,,,,,,,
Super Octane,23,25,Hard,,Market Square New Paris,Ramon Fabiano,Lovens Park North,Market Square New Paris,Ramon Fabiano,,escort,Nilda Diener,1,,,,,,,,,,,,,,,,,,,,,,,,,,,,Femmes Fatales,,,
,,,,,,,,,,,loot,Gasoline,1,,,,,,,,,,,,,,,,,,,,,,,,,,,,,,,
Bang Up Job,4,6,Easy,,Pirate Bay,Patrick Kapinos,Pirate Bay,Pirate Bay,Patrick Kapinos,"C'mon, Hurry Up Already!",eliminate,CrateBreakable,5,,,,,,,,TRUE,,,,,,,,,,,,,,,,,,,,,,,
Solar Power!,25,30,Hard,,Supply Depot,Kaylee,New Moscow Street,Supply Depot,Kaylee,,use,Useable_computer_back,1,,,,,,,,,,,,,,,,,,,,,,,,,,,,Crushed By The Wheels,,,
,,,,,,,,,,,eliminate,Sun Spider,1,,,,,,,,,,,,,,,,,,,,,,,,,,,,,,,
Maze Hunt,23,25,Medium,,Lovens Park South,Lola,South Park Garden,Lovens Park South,Lola,Alley-Oop,eliminate,Club Flesh Seeker,5,,,,,,,,TRUE,,,,,,,,,,,,,,,,,,,,Catfight,,,
,,,,,,,,,,,eliminate,Club Flesh Assassin,3,,,,,,,,,,,,,,,,,,,,,,,,,,,,,,,
,,,,,,,,,,,eliminate,Club Flesh Skinner,1,,,,,,,,,,,,,,,,,,,,,,,,,,,,,,,
Prison Brutality,1,1,Easy,,Prison,Maude Statham,Prison,Prison,Maude Statham,,eliminate,Brutal Trooper,1,,,true,20,,,Bodyguard,TRUE,,,,,,,,,,,,,,,,,,,,Prison Break,,,
,,,,,,,,,,,loot,Regular Wrench,,Brutal Trooper,,,,,,,,,,,,,,,,,,,,,,,,,,,,,,
You're Gonna Be Okay,1,4,Medium,,Wetlands,Ed Cavins,Wetlands,Wetlands,Ed Cavins,,use,electric_booth,1,,,,,,,,TRUE,compass,Small Grenade,,5,,,,,,,,,,,,,,,,The Underground Movement,,,
MISSION: Introduction,1,1,Easy,,Immigration,Dante,Immigration,Immigration,Officer Smith,,talk,Officer Smith,1,,,true,10,,,,TRUE,,Plans: Custom Rifle,,,,,,,,,,,,,,,,,,Warm Welcome,,,
New Clothes,1,1,Easy,,Prison,Officer Carlton,Prison,Prison,Officer Carlton,,loot,,1,,,true,15,,,Bodyguard,TRUE,prison_clothes,,,,,,,,,,,,,,,,,,,Prison Break,,,
,,,,,,,,,,,loot,,1,,,,,,,,,,,,,,,,,,,,,,,,,,,,,,,
Mercenary,1,3,Medium,,Prison,Maude Statham,Prison,Prison,Goodspeed,,use,,,,,,,,,,TRUE,,,,,,,,,,,,,,,,,,,,,,,
New Outfit,1,1,Easy,,Prison,Officer Carlton,Prison,Prison,Officer Carlton,,loot,,1,,,true,15,,,Hunter,TRUE,prison_clothes,,,,,,,,,,,,,,,,,,,Prison Break,,,
,,,,,,,,,,,loot,,1,,,,,,,,,,,,,,,,,,,,,,,,,,,,,,,
New Style,1,1,Easy,,Prison,Officer Carlton,Prison,Prison,Officer Carlton,,loot,,1,,,true,15,,,Doctor,TRUE,prison_clothes,,,,,,,,,,,,,,,,,,,Prison Break,,,
,,,,,,,,,,,loot,,1,,,,,,,,,,,,,,,,,,,,,,,,,,,,,,,
Mercenary Business,2,2,Easy,,Prison,Leland Osborne,,Prison,Mason,First Contact,hire_mercenary,,,,,TRUE,10,,,,TRUE,glass_wall,,,,,,,,,,,,,,,,,,,Prison Break,,,
Armor Alley,2,5,Medium,,Pulpy Way,Lloyd Brown,Pulpy Way,Pulpy Way,Michael McFly,,escort,DEFOE,1,,,,,,,,,,,,,,,,,,,,,,,,,,,,Networking,,,
Meet Lloyd,2,4,Easy,,Achilles,Nicholas Morgil,Pulpy Way,Pulpy Way,Lloyd Brown,"Drugs, Up In Smoke",talk,Lloyd Brown,1,,,TRUE,,,,,TRUE,,,,,,,,,,,,,,,,,,,,Networking,,,
MISSION: Evaluation,1,1,Easy,,Immigration,,Immigration,Immigration,Officer Smith,MISSION: Introduction,,,,,,true,15,,,,TRUE,,,,,,,,,,,,,,,,,,,,Warm Welcome,,,
MISSION: Recruitment,1,1,Easy,,Immigration,Officer Randall,Immigration,Immigration,Officer Smith,MISSION: Evaluation,talk,Officer Smith,1,,,true,20,,,,TRUE,,,,,,,,,,,,,,,,,,,,Warm Welcome,,,
MISSION: Target Practice,1,1,Easy,,Immigration,Officer Smith,Immigration,Immigration,Immigration Trooper,MISSION: Introduction,loot,Small Bazooka,1,,,true,25,,,,TRUE,,Light Molotov Cocktail,,2,,,,,,,,,,,,,,,,Warm Welcome,,,
,,,,,,,,,,,eliminate,Infected,8,,,,,,,,,,,,,,,,,,,,,,,,,,,,,,,
Comandante Jarden,10,12,Easy,,Desert Highway,De La Vega,Oasis Health Station,Oasis Health Station,Jarden Coggins,Last drops,talk,Jarden Coggins,,,,,,,,,,,,,,,,,,,,,,,,,,,,,Desert Rage,,,
Reverse engineering,15,16,Easy,,Steel Pier,Scarface,Alloy Plaza,Alloy Plaza,Duke,Remote Control,talk,Duke,1,,,,,,,,,,,,,,,,,,,,,,,,,,,,Supply Lines,,,
Search and Destroy,15,16,Medium,,Wells Wharf,Dillinger,Wells Wharf,Wells Wharf,AI,Local Flair,eliminate,Hired Guns Grenadier,2,,,,,,,,,,,,,,,,,,,,,,,,,,,,Supply Lines,,,
,,,,,,,,,,,eliminate,Hired Guns Rocketeer,3,,,,,,,,,,,,,,,,,,,,,,,,,,,,,,,
Local Flair,15,16,Easy,,Wells Wharf,AI,Wells Wharf,Wells Wharf,Dillinger,Open Sesame,talk,Dillinger,1,,,,,,,,,,,,,,,,,,,,,,,,,,,,Supply Lines,,,
Touch Base,15,15,Easy,,Alloy Plaza,Duke,Refinery,Refinery,De La Vega,Deal Breaker,talk,De La Vega,1,,,,,,,,,,,,,,,,,,,,,,,,,,,,Power to the People,,,
Reinforcements,16,17,Easy,,Ratched Lane,Reggie Westwood,Bromden Park,Bromden Park,Mack,Asylum Awaits,talk,Mack,,,,,,,,,,,,,,,,,,,,,,,,,,,,,"Sick, Sick, Sick",,,
Asylum Assault,16,6,Medium,,Bromden Park,Mack,Bromden Park,Bromden Park,Julia,,talk,Julia,,,,,,,,,,,,,,,,,,,,,,,,,,,,,"Sick, Sick, Sick",,,
Incy Wincy,18,19,Medium,,Ruins,Larry Newandyke,Power Drive,Power Drive,Robert,I Am In Disguise,talk,Robert,1,,,,,,,,,,,,1,,,,,,,,,,,,,,,,Power to the People,,,
Warehouse of Horror,15,16,Medium,,Truck Dock,Ling Chon,Motor Pool,Truck Dock,Ling Chon,,talk,Kinder,1,,,,,,,,,,,,,,,,,,,,,,,,,,,,Supply Lines,,,
,,,,,,,,,,,loot,Package,2,,,,,,,,,,,,,,,,,,,,,,,,,,,,,,,
Combat Training,,,Easy,,Achilles,Nicholas Morgil,Achilles,Achilles,Nicholas Morgil,,train_skill,Curtis,1,,,,,,,,TRUE,,,,,,,,,,,,,,,,,,,,The Underground Movement,,,
Refilling,3,5,Easy,,Pulpy Way,Michael McFly,Pulpy Way,Pulpy Way,Michael McFly,,buy,Michael McFly,1,,,,,,,,TRUE,,,,,,,,,,,,,,,,,,,,The Underground Movement,,,
Senseless Brutality,1,1,Easy,,Prison,Maude Statham,Prison,Prison,Maude Statham,,eliminate,Brutal Trooper,1,,,true,20,,,Doctor,TRUE,,,,,,,,,,,,,,,,,,,,Prison Break,,,
,,,,,,,,,,,loot,Basic .32 Pistol,1,Brutal Trooper,,,,,,,,,,,,,,,,,,,,,,,,,,,,,,
Police Brutality,1,1,Easy,,Prison,Maude Statham,Prison,Prison,Maude Statham,,eliminate,Brutal Trooper,1,,,true,20,,,Hunter,TRUE,,,,,,,,,,,,,,,,,,,,Prison Break,,,
,,,,,,,,,,,loot,Standard 12G Shotgun,1,Brutal Trooper,,,,,,,,,,,,,,,,,,,,,,,,,,,,,,
Slavemaster,28,30,Hard,,Oasis Health Station,Jarden Coggins,Desert Storm,Oasis Health Station,Jarden Coggins,,eliminate,Raider Slavemaster,1,,,,,,,,,,,,,,,,,,,,,,,,,,,,High-Value Targets,,,
Cave Story,18,20,Medium,,Power Drive,Robert,Power Drive,Power Plant East,Communication Terminal,Incy Wincy,use,Gate Switch,3,,,,,,,,,,,,,,,,,,,,,,,,,,,,Deeper Underground,,,
Big Brother is Blind,18,20,Medium,,Power Plant East,Communication Terminal,Power Plant North,Power Plant East,Communication Terminal,Scrap Metal,use,Gate Switch,2,,,,,,,,,,,,,,,,,,,,,,,,,,,,Power Trip,,,
High Stakes,18,20,Medium,,Power Plant East,Communication Terminal,Power Plant North,Power Plant East,Communication Terminal,Big Brother is Blind,use,Floating Button,1,,,,,,,,,,,,,,,,,,,,,,,,,,,,Power Trip,,,
Meltdown,18,20,Medium,,Power Plant East,Communication Terminal,Power Plant South,Power Plant East,Communication Terminal,High Stakes,use,electric_booth,1,,,,,,,,,,,,,,,,,,,,,,,,,,,,Power Trip,,,
Out Of Service,18,20,Medium,,Power Plant East,Communication Terminal,Power Plant South,Power Plant West,AI,Meltdown,eliminate,Supervisor,1,,,,,,,,,,,,,,,,,,,,,,,,,,,,Power Trip,,,
Contractor,18,20,Medium,,Power Plant West,AI,Power Plant West,Power Plant West,AI,,eliminate,Head of Abyssos Research,,,,,,,,,,,,,,,,,,,,,,,,,,,,,Power Trip,,,
Target of Opportunity,18,20,Medium,,Power Plant West,AI,Power Plant West,Power Plant West,AI,,loot,Data disc,1,,,,,,,,,,,,,,,,,,,,,,,,,,,,Power Trip,,,
Ticking Timebomb,18,20,Medium,,Power Plant West,AI,Power Plant West,Power Plant West,AI,,use,Gate Switch,1,,,,,,,,,,,,,,,,,,,,,,,,,,,,Power Trip,,,
Take Two,18,20,Medium,,Power Plant East,Communication Terminal,Power Plant East,Power Plant East,Bateman,Out Of Service,talk,Bateman,,,,,,,,,TRUE,,,,,,,,,,,,,,,,,,,,Power Trip,,,
Scrap Metal,18,20,Medium,,Power Plant East,Bateman,Power Plant East,Power Plant East,Communication Terminal,Net Hack,eliminate,Snow Sentrybot,1,,,,,,,,,,,,,,,,,,,,,,,,,,,,Power Trip,,,
Alone in the Dark 1,16,17,Medium,,Processing Plant,De La Vega,Processing Plant,Processing Plant,De La Vega,,use,Gate Switch,1,,,,,,,,,,,,,,,,,,,,,,,,,,,,Deeper Underground,,,
Alone in the Dark 2,16,17,Medium,,Processing Plant,De La Vega,Processing Plant,Processing Plant,De La Vega,Alone in the Dark 1,use,Gate Switch,1,,,,,,,,,,,,,,,,,,,,,,,,,,,,Deeper Underground,,,
Alone in the Dark 3,16,17,Medium,,Processing Plant,De La Vega,Processing Plant,Processing Plant,De La Vega,Alone in the Dark 2,use,Gate Switch,1,,,,,,,,,,,,,,,,,,,,,,,,,,,,Deeper Underground,,,
Find Rachel,2,3,Easy,,Wetlands,Ed Cavins,Wetlands,Wetlands,Rachel Coen,You're Gonna Be Okay,talk,Rachel Coen,1,,,,,,,,TRUE,,,,,,,,,,,,,,,,,,,,The Underground Movement,,,
Bazookas!,2,3,Medium,,Wetlands,Rachel Coen,Wetlands,Wetlands,Rachel Coen,,use,Deactivated Missile,4,,,,,,,,TRUE,,Small Bazooka,,4,,,,,,,,,,,,,,,,The Underground Movement,,,
Grim Gear-Up,2,3,Easy,,,,Needlewood,Needlewood,Flanagan,Custom Gun,talk,Gollop,1,,,,,,,,TRUE,,Small Molotov Cocktail,,3,,,,,,,,,,,,,,,,The Fugitive,,,
Grim Reaper,3,3,Medium,,Needlewood,Steve,Needlewood,Needlewood,Donovan,,eliminate,Grim Gonzales,1,,,,,,,,,,,,,,,,,,,,,,,,,,,,Rabid Pack,,,
Gun for Hire,3,3,Easy,,Needlewood,Steve,,Needlewood,Steve,,hire_mercenary,,,,,,,,,,TRUE,,,,,,,,,,,,,,,,,,,,The Fugitive,,,
McGuyver Moment,1,1,Easy,,Prison,Prisoner,Prison,Prison,Prisoner,,return_item,Atomic Wrench,,,,true,15,8,,,TRUE,,Atomic Wrench,,,,,,,,,,,,,,,,,,Prison Break,,,
Custom Gun,1,2,Easy,,Prison,Murphy,Prison,Prison,Murphy,Keep Moving,return_item,Custom Rifle,1,,,true,20,8,,,TRUE,,Custom Rifle,,,,,,,,,,,,,,,,,,Networking,,,
Pina Colada,2,3,Easy,,Needlewood,,Needlewood,Needlewood,Flanagan,,return_item,Grenade,1,,,true,11,8,,,TRUE,,Grenade,,1,,,,,,,,,,,,,,,,Prison Break,,,
Pretty Roger,1,1,Easy,,Prison,Prisoner,,Prison,Prisoner,McGuyver Moment,hire_mercenary,,,,,,,,,,TRUE,,,,,,,,,,,,,,,,,,,,Prison Break,,,
Prison Bash,1,2,Easy,,Prison,,Prison,Prison,Murphy,,use,Gate Switch,1,,,,,,,,TRUE,,Plans: Custom Rifle,,,,,,,,,,,,,,,,,,Prison Break,,,
Keep Running!,3,4,Easy,,Pulpy Way,Michael McFly,Needlewood,Needlewood,Steve,Armor Alley,talk,Steve,1,,,,,,,,,,,,,,,,,,,,,,,,,,,,The Fugitive,,,
MISSION: Fireworks,1,2,Medium,,Immigration,,Immigration,Immigration,Immigration Trooper,MISSION: Target Practice,eliminate,Infected,5,,,,10,,,,TRUE,,,,,,,,,,,,,,,,,,,,Warm Welcome,,,
Helping Resistance,3,4,Easy,,Pirate Bay,Alton Harvey,Pirate Bay,Pirate Bay,Tollman,,talk,Tollman,1,,,,,,,,,,,,,,,,,,,,,,,,,,,,DIY,,,
Helping Hand,3,4,Easy,,Pirate Bay,Vladek,Storehouse,Storehouse,Javier Marez,,talk,Javier Marez,1,,,,,,,,,,,,,,,,,,,,,,,,,,,,DIY,,,
It's a sin,28,30,Hard,,Market Square New Paris,Evagrius the Solitary,New Venice Square,Market Square New Paris,Evagrius the Solitary,,eliminate,Wrath,1,,,,,,,,,,,,,,,,,,,,,,,,,,,,High-Value Targets,,,
,,,,,,,,,,,eliminate,Glutton,1,,,,,,,,,,,,,,,,,,,,,,,,,,,,,,,
,,,,,,,,,,,eliminate,Envy,1,,,,,,,,,,,,,,,,,,,,,,,,,,,,,,,
,,,,,,,,,,,eliminate,Chimera,1,,,,,,,,,,,,,,,,,,,,,,,,,,,,,,,
Man behind this all,28,30,Hard,,New Venice Square,Deadguy,New Venice Square,Market Square New Paris,Evagrius the Solitary,,eliminate,Dr. Evil Emmett,1,,,true,5000,2000,,,,,,,,,,,,,,,,,,,,,,,An Old Grudge,,,
Unlocked,1,1,Easy,,Pirate Bay,Buttler,Pirate Bay,Pirate Bay,Mr. Dawnbreak,,talk,Mr. Dawnbreak,1,,,,,,,,,,,,,Large GepX Tinfoiled Stetson,,Small GepX Tinfoiled Stetson,,Small GepX Tinfoiled Stetson,,,,,,,,,,,An Old Grudge,,,
I did see that on news.,28,30,Easy,,Pirate Bay,Mr. Dawnbreak,Dark Forest,Dark Forest,Dale,,talk,Dale,1,,,,,,,,,,,,,,,,,,,,,,,,,,,,Undead,,,
More information,28,30,Medium,,Dark Forest,Dale,Dark Forest,The Road,Glenn,I did see that on news.,eliminate,Undead Worker,10,,,,,,,,,,,,,,,,,,,,,,,,,,,,Undead,,,
,,,,,,,,,,,eliminate,Undead Cop,7,,,,,,,,,,,,,,,,,,,,,,,,,,,,,,,
Is this the End?,28,30,Easy,,The Road,Glenn,Highway Bridge,Highway Bridge,Shane,More information,talk,Shane,1,,,,,,,,,,,,,,,,,,,,,,,,,,,,Undead,,,
Where did it all start,28,30,Hard,,Highway Bridge,Shane,L.A.R.P.U.,Dark Forest,Dale,Is this the End?,eliminate,Sneaky Zombie,1,,,,,,,,,,,,,,,,,,,,,,,,,,,,Undead,,,
That'll lighten things up,18,20,Medium,,Berlin Street Hospital,Michelle Kneiffer,Berlin Street Hospital,Berlin Street Hospital,Michelle Kneiffer,,loot,Gasoline,3,,,,120,300,,,,,,,,,,,,,,,,,,,,,,,Zombie trap,,,
What would MacGyver do,18,20,Medium,,Berlin Street Hospital,Michelle Kneiffer,Berlin Street Hospital,Berlin Street Hospital,Michelle Kneiffer,That'll lighten things up,loot,Data disc,4,,,,,,,,,,,,,,,,,,,,,,,,,,,,Zombie trap,,,
Find Bob,18,20,Medium,,Berlin Street Hospital,Michelle Kneiffer,Berlin Street Hospital,Berlin Street Hospital,Chief Mechanic Bob,What would MacGyver do,talk,Chief Mechanic Bob,1,,,,,,,,,,,,,,,,,,,,,,,,,,,,Zombie trap,,,
Brainiac,18,20,Medium,,Berlin Street Hospital,Chief Mechanic Bob,Berlin Street Hospital,Berlin Street Hospital,Chief Mechanic Bob,Find Bob,loot,Medical Box,5,,,,,,,,,,,,,,,,,,,,,,,,,,,,Zombie trap,,,
Seeking Zeela,18,20,Easy,,Berlin Street Hospital,Chief Mechanic Bob,Old World Hotel,Old World Hotel,Zeela,Brainiac,talk,Zeela,1,,,,,,,,,,,,,,,,,,,,,,,,,,,,Zombie trap,,,
Headshot Shotgun,18,20,Medium,,Old World Hotel,Zeela,Old World Hotel,Old World Hotel,Zeela,Seeking Zeela,loot,Gunbox,1,,,true,120,500,,,,,,,,,,,,,,,,,,,,,,,Zombie trap,,,
Bob means business,18,20,Medium,,Old World Hotel,Zeela,Berlin Street Hospital,Berlin Street Hospital,Chief Mechanic Bob,Headshot Shotgun,talk,Chief Mechanic Bob,1,,,,,,,,,,,,,,,,,,,,,,,,,,,,Zombie trap,,,
The Bobinator,18,20,Medium,,Berlin Street Hospital,Chief Mechanic Bob,Berlin Street Hospital,Berlin Street Hospital,Chief Mechanic Bob,Bob means business,use,The Bobinator,6,,,,,,,,,,,,,,,,,,,,,,,,,,,,Zombie trap,,,
The Bobinator part 2,18,20,Medium,,Berlin Street Hospital,Chief Mechanic Bob,Berlin Street Hospital,Berlin Street Hospital,Michelle Kneiffer,The Bobinator,use,Gate Switch,1,,,,,,,,,,,,,,,,,,,,,,,,,,,,Zombie trap,,,
Familiar faces,18,20,Easy,,Berlin Street Hospital,Michelle Kneiffer,Old World Hotel,Old World Hotel,Zeela,The Bobinator part 2,talk,Zeela,,,,,,,,,,,,,,,,,,,,,,,,,,,,,Roadhouse,,,
"Places to see, zombies to kill",18,20,Medium,,Old World Hotel,Zeela,Old World Hotel,Old World Hotel,Zeela,Familiar faces,escort,Zeela,1,,,,,,,,,,,,,,,,,,,,,,,,,,,,Roadhouse,,,
Check-in,18,20,Easy,,Old World Hotel,Zeela,Old World Hotel,Old World Hotel,Amsterdam,"Places to see, zombies to kill",talk,Amsterdam,1,,,,,,,,,,,,,,,,,,,,,,,,,,,,Roadhouse,,,
What's with the names,18,20,Medium,,Old World Hotel,Amsterdam,Old World Hotel,Old World Hotel,Paris,Check-in,talk,Paris,1,,,,,,,,,,,,,,,,,,,,,,,,,,,,Roadhouse,,,
Key would be awesome,18,20,Easy,,Old World Hotel,Paris,Old World Hotel,Old World Hotel,Amsterdam,What's with the names,loot,Key Card,1,,,,,,,,,,,,,,,,,,,,,,,,,,,,Roadhouse,,,
Zeela has got a gun,18,20,Medium,,Old World Hotel,Amsterdam,Old World Hotel,Old World Hotel,Zeela,Key would be awesome,talk,Zeela,1,,,,,,,,,,,,,,,,,,,,,,,,,,,,Roadhouse,,,
Fill it up,18,20,Medium,,Old World Hotel,Zeela,Old World Hotel,Old World Hotel,Amsterdam,Zeela has got a gun,loot,Propane tank,4,,,,,,,,,,,,,,,,,,,,,,,,,,,,Roadhouse,,,
Lurking in the shadows,18,20,Medium,,Old World Hotel,Amsterdam,Old World Hotel,Old World Hotel,Nora,Fill it up,eliminate,Franky,1,,,,,,,,,,,,,,,,,,,,,,,,,,,,Roadhouse,,,
,,,,,,,,,,,eliminate,Billy,1,,,,,,,,,,,,,,,,,,,,,,,,,,,,,,,
All alone,18,20,Medium,,Old World Hotel,Nora,Old World Hotel,Old World Hotel,Amsterdam,Lurking in the shadows,talk,Amsterdam,1,,,,,,,,,,,,,,,,,,,,,,,,,,,,Roadhouse,,,
Help is on it's way,18,20,Medium,,Old World Hotel,Amsterdam,Old World Hotel,Old World Hotel,Amsterdam,All alone,loot,Medical Box,1,,,,,,,,,,,,,,,,,,,,,,,,,,,,Roadhouse,,,
Clubbing,28,30,Medium,,Venice Canal East,Club Manager,Venice Canal East,Venice Canal East,Club Manager,,talk,Elvis,1,,,,,,,,,,,,,,,,,,,,,,,,,,,,DTM,,,
,,,,,,,,,,,talk,Faux,1,,,,,,,,,,,,,,,,,,,,,,,,,,,,,,,
,,,,,,,,,,,talk,Windy,1,,,,,,,,,,,,,,,,,,,,,,,,,,,,,,,
Great spirits,28,30,Medium,,Venice Canal East,Club Manager,Venice Canal East,Venice Canal East,Club Manager,Clubbing,loot,Boozes,9,,,,,,,,,,,,,,,,,,,,,,,,,,,,DTM,,,
Ask for the Bouncer,28,30,Easy,,Venice Canal East,Club Manager,Venice Canal East,Venice Canal East,The Bouncer,Great spirits,talk,The Bouncer,,,,,,,,,,,,,,,,,,,,,,,,,,,,,DTM,,,
Search for Kismet,28,30,Medium,,Venice Canal East,The Bouncer,Venice Canal East,Venice Canal East,Kismet,Ask for the Bouncer,talk,Kismet,1,,,,,,,,,,,,,,,,,,,,,,,,,,,,DTM,,,
Take care of Kismet,28,30,Medium,,Venice Canal East,Kismet,Venice Canal East,Venice Canal East,The Bouncer,Search for Kismet,escort,Armed Kismet,1,,,,,,,,,,,,,,,,,,,,,,,,,,,,DTM,,,
Head on your sholders,28,30,Medium,,Venice Canal East,The Bouncer,Venice Canal East,Venice Canal East,Elvis,Murder on the dancefloor,talk,Elvis,1,,,,,,,,,,,,,,,,,,,,,,,,,,,,DTM,,,
Murder on the dancefloor,28,30,Medium,,Venice Canal East,Club Manager,Venice Canal East,Venice Canal East,The Bouncer,Take care of Kismet,eliminate,Undead Cop,15,,,,,,,,,,,,,,,,,,,,,,,,,,,,DTM,,,
,,,,,,,,,,,eliminate,Undead Police Commissioner,1,,,,,,,,,,,,,,,,,,,,,,,,,,,,,,,
People who know people,28,30,Medium,,Venice Canal East,Elvis,New Naples Street,New Naples Street,Fixer-Eddie,Head on your sholders,talk,Fixer-Eddie,1,,,,,,,,,,,,,,,,,,,,,,,,,,,,DTM,,,
Guns and ammo,28,30,Medium,,New Naples Street,Fixer-Eddie,New Naples Street,New Naples Street,Fixer-Eddie,Head on your sholders,loot,Gunbox,4,,,true,210,500,,,,,,,,,,,,,,,,,,,,,,,Fixer,,,
Smooth move,28,30,Easy,,New Naples Street,Fixer-Eddie,Venice Canal East,Venice Canal East,Elvis,Guns and ammo,talk,Elvis,1,,,,,,,,,,,,,,,,,,,,,,,,,,,,DTM,,,
Is it a bird,28,30,Medium,,New Naples Street,Fixer-Eddie,New Naples Street,New Naples Street,Fixer-Eddie,Guns and ammo,loot,Metal Shard,7,Drunken Zombie,,,,,,,,,,,,,,,,,,,,,,,,,,,Fixer,,,
Zombie yard,28,30,Medium,,New Naples Street,Fixer-Eddie,New Naples Street,New Naples Street,Fixer-Eddie,Is it a bird,eliminate,Undead Cop,13,,,,,,,,,,,,,,,,,,,,,,,,,,,,Fixer,,,
,,,,,,,,,,,loot,Propane tank,3,,,,,,,,,,,,,,,,,,,,,,,,,,,,,,,
,,,,,,,,,,,loot,Gasoline,5,,,,,,,,,,,,,,,,,,,,,,,,,,,,,,,
Shovels,28,30,Medium,,New Naples Street,Fixer-Eddie,New Naples Street,New Naples Street,Fixer-Eddie,Zombie yard,eliminate,Doctor Red,1,,,,,,,,,,Shovel,of the Painmaker,,,,,,,,,,,,,,,,,Fixer,,,
Trash Collector,4,6,Medium,,Refugee Camp,Mister Zee,Refugee Camp,Refugee Camp,Mister Zee,,eliminate,CrateBreakable2,5,,,,,,,,,,,,,,,,,,,,,,,,,,,,Refugee Camp,,,
Distress,4,6,Easy,,Refugee Camp,Haggard Harriet,Refugee Camp,Refugee Camp,Hermit Henry,Trash Collector,talk,Hermit Henry,1,,,,,,,,,,,,,,,,,,,,,,,,,,,,Refugee Camp,,,
Jerry Can,4,6,Medium,,Refugee Camp,Hermit Henry,Refugee Camp,Refugee Camp,Hermit Henry,Distress,loot,Gasoline,5,,,,,,,,,,,,,,,,,,,,,,,,,,,,Refugee Camp,,,
,,,,,,,,,,,escort,Hermit Henry,1,,,,,,,,,,,,,,,,,,,,,,,,,,,,,,,
Pre-emptive Strike,4,6,Medium,,Refugee Camp,Scout Sam,Refugee Camp,Refugee Camp,Scout Sam,Distress,eliminate,Security Recruit,4,,,,,,,,,,,,,,,,,,,,,,,,,,,,Refugee Camp,,,
MIA,4,6,Medium,,Refugee Camp,Mister Zee,Refugee Camp,Refugee Camp,Lost Scout,Pre-emptive Strike,talk,Lost Scout,1,,,,,,,,,,,,,,,,,,,,,,,,,,,,Refugee Camp,,,
Welcome Home,4,6,Medium,,Refugee Camp,Lost Scout,Refugee Camp,Refugee Camp,Lost Scout,MIA,escort,Lost Scout,1,,,,,,,,,,,,,,,,,,,,,,,,,,,,Refugee Camp,,,
Woman Scorned,4,6,Medium,,Refugee Camp,Militant Mia,Refugee Camp,Refugee Camp,Militant Mia,Welcome Home,eliminate,Filthy Zombie,4,,,,,,,,,,,,,,,,,,,,,,,,,,,,Refugee Camp,,,
New Strain,4,6,Medium,,Refugee Camp,Little Lisa,Refugee Camp,Refugee Camp,Little Lisa,Woman Scorned,eliminate,Bearded Zombie,4,,,,,,,,,,,,,,,,,,,,,,,,,,,,Refugee Camp,,,
Expert Consultation,4,6,Medium,,Refugee Camp,Little Lisa,Palm Beach,Palm Beach,Nolan West,New Strain,talk,Nolan West,,,,,,,,,,,,,,,,,,,,,,,,,,,,,Refugee Camp,,,
Filthy Zombies,4,6,Medium,,Palm Beach,Nolan West,Palm Beach,Palm Beach,Rob Crusoe,Sunny Side Up,eliminate,Filthy Zombie,5,,,,,,,,,,,,,,,,,,,,,,,,,,,,Palm Beach Trouble,,,
Back to the mainland,4,6,Medium,,Palm Beach,Rob Crusoe,Palm Beach,Palm Beach,Rob Crusoe,Filthy Zombies,loot,Woodpile,4,,,,,,,,,,,,,,,,,,,,,,,,,,,,Palm Beach Trouble,,,
In this city,4,6,Medium,,Palm Beach,Rob Crusoe,Palm Beach,Palm Beach,Mole,Back to the mainland,talk,Mole,1,,,,,,,,,,,,,,,,,,,,,,,,,,,,Palm Beach Trouble,,,
Man The Pumps,4,5,Hard,,Dawnbreak Avenue,Assistant Stan,Subway station,Dawnbreak Avenue,Engineer Eddie,Waterline,eliminate,Mutated Zombie,1,,,,,,,,,,,,,,,,,,,,,,,,,,,,Dawnbreak Avenue,,,graphics/mission/item_hint_02.png
Scouting,4,5,Medium,,Dawnbreak Avenue,Assistant Stan,Refugee Camp,Refugee Camp,Mister Zee,Waterline,talk,Mister Zee,1,,,,,,,,,,,,,,,,,,,,,,,,,,,,Dawnbreak Avenue,,,
Talk to Lloyd,4,5,Easy,,Palm Beach,Mole,Pulpy Way,Pulpy Way,Lloyd Brown,In this city,talk,Lloyd Brown,1,,,,,,,,,,,,,,,,,,,,,,,,,,,,Palm Beach Trouble,,,
Help me to help you,28,30,Medium,,Deserted Village,Friendly Raider,Deserted Village,Deserted Village,Friendly Raider,,loot,blueprints,12,,,,,,,,,,,,,,,,,,,,,,,,,,,,Help for the Raiders,,,
,,,,,,,,,,,eliminate,Vega,1,,,,,,,,,,,,,,,,,,,,,,,,,,,,,,,
,,,,,,,,,,,eliminate,Vega 2.0,1,,,,,,,,,,,,,,,,,,,,,,,,,,,,,,,
,,,,,,,,,,,eliminate,Raider Jules,1,,,,,,,,,,,,,,,,,,,,,,,,,,,,,,,
Stop them!,28,30,Medium,,Deserted Village,Buddy Raider,Deserted Village,Deserted Village,Buddy Raider,,eliminate,Let me in Zombie,15,,,,,,,,,,,,,,,,,,,,,,,,,,,,Help for the Raiders,,,
Where the Heck are my keys?,28,30,Medium,,Deserted Village,Buddy Raider,Deserted Village,Deserted Village,Buddy Raider,Stop them!,loot,Key Card,1,,,,,,,,,,,,,,,,,,,,,,,,,,,,Help for the Raiders,,,
Blood Countess,28,30,Hard,,New Venice Hotel,Muriel,New Venice Hotel,New Venice Hotel,Muriel,,eliminate,Queen Bathory,1,,,,,,,,,,,,,,,,,,,,,,,,,,,,Blood Countess,,,
Key To Dr. Bauhoff,28,30,Hard,,Market Square New Paris,Keymaker,Power Plant West,Market Square New Paris,Keymaker,Key to Power Plant,eliminate,Chief Engineer,1,,,,,,,,,,Plans: Key to Dr. Bauhoff,,,,,,,,,,,,,,,,,,Boss Keys,,,
Key To Riot Town,28,30,Hard,,Market Square New Paris,Keymaker,New Naples Street,Market Square New Paris,Keymaker,Key To Dr. Bauhoff,eliminate,Security Captain,1,,,,,,,,,,Plans: Key to Riot Town,,,,,,,,,,,,,,,,,,Boss Keys,,,
,,,,,,,,,,,eliminate,Doctor Catherine,1,,,,,,,,,,,,,,,,,,,,,,,,,,,,,,,
,,,,,,,,,,,eliminate,Dr. Bauhoff,1,,,,,,,,,,,,,,,,,,,,,,,,,,,,,,,
Key to Seven Deadly Sins,28,30,Hard,,Market Square New Paris,Keymaker,New Peking Street,Market Square New Paris,Keymaker,Key To Riot Town,eliminate,Antiriot Sentry,1,,,,,,,,,,Plans: Key to 7 Deadly Sins,,,,,,,,,,,,,,,,,,Boss Keys,,,
,,,,,,,,,,,eliminate,Riot Captain,1,,,,,,,,,,,,,,,,,,,,,,,,,,,,,,,
,,,,,,,,,,,eliminate,Supersoldier Officer,1,,,,,,,,,,,,,,,,,,,,,,,,,,,,,,,
Key to Queen of Diamonds,28,30,Hard,,Market Square New Paris,Keymaker,New Venice Hotel,Market Square New Paris,Keymaker,,eliminate,Queen Bathory,1,,,,,,,,,,Plans: Key to Queen of Diamonds,,,,,,,,,,,,,,,,,,Boss Keys,,,
Key To the Slavemaster,28,30,Hard,,Market Square New Paris,Keymaker,East Canal,Market Square New Paris,Keymaker,,eliminate,Akirun,1,,,,,,,,,,Plans: Key to the Slavemaster,,,,,,,,,,,,,,,,,,Boss Keys,,,
Key to Raider Village,28,30,Hard,,Market Square New Paris,Keymaker,Desert Storm,Market Square New Paris,Keymaker,Key To the Slavemaster,eliminate,Raider Slavemaster,1,,,,,,,,,,Plans: Key to Raider Village,,,,,,,,,,,,,,,,,,Boss Keys,,,
Key To Raider Valley,28,30,Hard,,Market Square New Paris,Keymaker,Deserted Village,Market Square New Paris,Keymaker,Key to Raider Village,eliminate,Raider Jules,1,,,,,,,,,,Plans: Key to Raider Valley,,,,,,,,,,,,,,,,,,Boss Keys,,,
,,,,,,,,,,,eliminate,Vega,1,,,,,,,,,,,,,,,,,,,,,,,,,,,,,,,
,,,,,,,,,,,eliminate,Vega 2.0,1,,,,,,,,,,,,,,,,,,,,,,,,,,,,,,,
Key to Devourer Dragon,28,30,Hard,,Market Square New Paris,Keymaker,Lovens Park West,Market Square New Paris,Keymaker,,eliminate,Pyrox,1,,,,,,,,,,Plans: Key to Devourer Dragon,,,,,,,,,,,,,,,,,,Boss Keys,,,
,,,,,,,,,,,eliminate,SPARTAN,1,,,,,,,,,,,,,,,,,,,,,,,,,,,,,,,
,,,,,,,,,,,eliminate,Lava Ant,1,,,,,,,,,,,,,,,,,,,,,,,,,,,,,,,
Bulwark,30,30,Easy,,Maze Pit,Eric,Maze Pit,Maze Pit,Foote,,return_item,"Bandage, rank 5",30,,,,,,,Bodyguard,,,Plans: 25 x Thruster,,,,,,,,,,,,,,,,,,Specialization,,,
Hurricane,30,30,Easy,,Maze Pit,Foote,Maze Pit,Maze Pit,Eric,Bulwark,return_item,"Bandage, rank 5",30,,,,,,,Bodyguard,,,Plans: 25 x Mass Damage,,,,,,,,,,,,,,,,,,Specialization,,,
Rampage,30,30,Easy,,Maze Pit,Eric,Maze Pit,Maze Pit,Foote,Hurricane,return_item,"Bandage, rank 5",30,,,,,,,Bodyguard,,,Plans: 25 x Bone Cracker,,,,,,,,,,,,,,,,,,Specialization,,,graphics/mission/bg_abilities.png
Prolonger,30,30,Easy,,Maze Pit,Eric,Maze Pit,Maze Pit,Foote,,return_item,"Bandage, rank 5",30,,,,,,,Doctor,,,Plans: 25 x Medicine Shot,,,,,,,,,,,,,,,,,,Specialization,,,
Area-Healer,30,30,Easy,,Maze Pit,Foote,Maze Pit,Maze Pit,Eric,Prolonger,return_item,"Bandage, rank 5",30,,,,,,,Doctor,,,Plans: 25 x Heal Wave,,,,,,,,,,,,,,,,,,Specialization,,,
Insta-Healer,30,30,Easy,,Maze Pit,Eric,Maze Pit,Maze Pit,Eric,Area-Healer,return_item,"Bandage, rank 5",30,,,,,,,Doctor,,,Plans: 25 x Emergency Treatment,,,,,,,,,,,,,,,,,,Specialization,,,graphics/mission/doctor_abilities.png
Leviathan,30,30,Easy,,Maze Pit,Eric,Maze Pit,Maze Pit,Foote,,return_item,"Bandage, rank 5",30,,,,,,,Hunter,,,Plans: 25 x Dum-Dum,,,,,,,,,,,,,,,,,,Specialization,,,
Wasp,30,30,Easy,,Maze Pit,Foote,Maze Pit,Maze Pit,Eric,Leviathan,return_item,"Bandage, rank 5",30,,,,,,,Hunter,,,Plans: 25 x Nerve Gas,,,,,,,,,,,,,,,,,,Specialization,,,
Firefly,30,30,Easy,,Maze Pit,Eric,Maze Pit,Maze Pit,Foote,Wasp,return_item,"Bandage, rank 5",30,,,,,,,Hunter,,,Plans: 25 x Trauma Shot,,,,,,,,,,,,,,,,,,Specialization,,,graphics/mission/hunter_abilities.png
Prison Outbreak,28,30,Hard,,Prison,Mason,Prison,Prison,Mason,Speak to Mason,eliminate,Anger,1,,,,,,,,,,,,,,,,,,,,,,,,,,,,High-Value Targets,,,
,,,,,,,,,,,eliminate,Bomber,1,,,,,,,,,,,,,,,,,,,,,,,,,,,,,,,
,,,,,,,,,,,eliminate,Gyros,1,,,,,,,,,,,,,,,,,,,,,,,,,,,,,,,
,,,,,,,,,,,eliminate,Undead Butcher,1,,,,,,,,,,,,,,,,,,,,,,,,,,,,,,,
Speak to Mason,28,30,Easy,,Pirate Bay,Alton Harvey,Prison,Prison,Mason,,talk,Mason,1,,,,,,,,,,,,,,,,,,,,,,,,,,,,High-Value Targets,,,
My ammo!,8,10,Medium,,Forest Highway,Riggs,Forest Highway,Omega Avenue,Murtaugh,,loot,Box of Ammo,5,Undead Cop,,,,,,,,,,,,,,,,,,,,,,,,,,,Omega,,,
,,,,,,,,,,,loot,Bobinator,3,,,,,,,,,,,,,,,,,,,,,,,,,,,,,,,
Omega Avenue Cleanup,8,10,Medium,,Omega Avenue,Murtaugh,Omega Avenue,Omega Avenue,Kirkman,My ammo!,escort,Murtaugh,1,,,,,,,,,,,,,,,,,,,,,,,,,,,,Omega,,,
Omega Metal,8,10,Medium,,Omega Avenue,Kirkman,Omega Avenue,Omega Avenue,More,Omega Avenue Cleanup,loot,Metal Shard,5,,,,,,,,,,,,,,,,,,,,,,,,,,,,Omega,,,
Omega Family,8,10,Medium,,Omega Avenue,More,Omega Avenue,Omega Avenue,More,Omega Metal,use,usable_car_1,1,,,,,,,,,,,,,,,,,,,,,,,,,,,,Omega,,,
Omega Island Called,8,10,Medium,,Pirate Bay,Mr. Dawnbreak,Forest Highway,Forest Highway,Riggs,,talk,Riggs,1,,,,,,,,,,,,,,,,,,,,,,,,,,,,Omega,,,
Headless Zombie,8,10,Hard,,Omega Avenue,More,Omega Avenue,Pirate Bay,Mr. Dawnbreak,Omega Family,eliminate,Headmaster,1,,,,,,,,,,Supercell Rootbeer,,,,,,,,,,,,,,,,,,Omega,,,
Cleaner,28,30,Hard,,Pirate Bay,Mr. Dawnbreak,Omega Island Harbor,Pirate Bay,Mr. Dawnbreak,,eliminate,Swarmbot,1,,,,,,,,,,,,,,,,,,,,,,,,,,,,Omega,,,
It was big...too big,28,30,Hard,,Omega Island Harbor,Cal,Wetlands,Omega Island Harbor,Cal,,eliminate,Big Boss,1,,,,,,,,,,,,,,,,,,,,,,,,,,,,Omega,,,
Mobster Mansion,28,30,Hard,,Copenhagen Street,Bernoulli,Copenhagen Street,Copenhagen Street,Bernoulli,,eliminate,Bob De La Muerte,1,,,,,,,,,,,,,,,,,,,,,,,,,,,,High-Value Targets,,,
,,,,,,,,,,,eliminate,Hector De La Muerte,1,,,,,,,,,,,,,,,,,,,,,,,,,,,,,,,
,,,,,,,,,,,eliminate,Victor De La Muerte,1,,,,,,,,,,,,,,,,,,,,,,,,,,,,,,,
