Name,ParticleCount,MinLife,MaxLife,ParticleMinInterval,ParticleMaxInterval,ParticleMinLife,ParticleMaxLife,ParticleMinAngle,ParticleMaxAngle,ParticleAngleRelativeToParent,ParticleRandomAngle,ParticleInitialRadius,ParticleMinSpeed,ParticleMaxSpeed,ParticleStartZ,ParticleMinVelocityZ,ParticleMaxVelocityZ,ParticleGravity,ParticleMinTailLength,ParticleMaxTailLength,ParticleResource,ParticleExportName,RotateToDirection
Emitter3,5,1,1,0,0,800,1000,0,360,,true,,170,200,0,450,500,-2000,,,graphics/effects/particles/rock_particles.swf,Rock1ParticleSmall,
,,,,,,,,,,,,,,,,,,,,,graphics/effects/particles/rock_particles.swf,Rock2ParticleSmall,
,,,,,,,,,,,,,,,,,,,,,graphics/effects/particles/rock_particles.swf,Rock3ParticleSmall,
SmokeEmitter,8,1,1,0,0,1000,1500,0,360,,false,,20,20,0,,,0,,,graphics/effects/explosion.swf,SmokeSmall,
SewerSteam,7,0,0,250,350,3100,3350,190,280,true,true,,1,2,0,10,30,,0,0,graphics/effects/explosion.swf,SteamSmall,
BloodSpatter1,10,100,200,,50,150,250,0,360,,true,1,70,100,40,,,,1,50,graphics/effects/hit.swf,BloodSpatter1,
,,,,,,,,,,,,,,,,,,,,,graphics/effects/hit.swf,BloodSpatter2,
,,,,,,,,,,,,,,,,,,,,,graphics/effects/hit.swf,BloodSpatter3,
FireRingEmitter,9,150,200,0,0,300,500,100,360,0,360,,60,70,,10,150,,60,200,graphics/effects/explosion.swf,FireParticle1,
,,,,,,,,,,,,,,,,,,,,,graphics/effects/explosion.swf,FireParticle2,
,,,,,,,,,,,,,,,,,,,,,graphics/effects/explosion.swf,FireParticle3,
SparkEmitter1,50,100,200,0,0,200,500,0,360,,true,,100,100,,100,200,300,0,0,graphics/effects/explosion.swf,Sparkle,
Smoker2,17,,,500,700,1700,2000,270,20,,true,,,15,45,30,80,,,,graphics/effects/explosion.swf,SmokeSmallSlow,
SmokePuff,8,1,1,0,0,600,1500,0,360,,true,,20,20,40,100,,,,,graphics/effects/explosion.swf,RisingSmoke,
Stunner,9,100,200,0,0,100,400,0,360,,true,,400,500,,80,100,,200,400,graphics/effects/explosion.swf,SparkleBlue,
Steamer,3,0,0,,,1100,1500,,,,,,,,,100,150,,,,graphics/effects/explosion.swf,Steam,
DingFairyDust,10,1800,2000,250,400,700,1000,,360,,true,2,,,,100,200,,,,graphics/effects/level_up.swf,LevelUpStarParticle,
WoodPieces,8,1,1,,,1000,2000,,360,,true,,20,60,,600,100,-3000,,,graphics/effects/particles/wood_particles.swf,crate_particle_1,
,,,,,,,,,,,,,,,,,,,,,graphics/effects/particles/wood_particles.swf,crate_particle_2,
,,,,,,,,,,,,,,,,,,,,,graphics/effects/particles/wood_particles.swf,crate_particle_3,
PoisonSteamer,5,,,50,200,600,3000,180,270,,true,,1,5,30,5,6,-900,,,graphics/effects/explosion.swf,poisoncloud_small,
PoisonCloud_2,40,1,500,,,700,1400,,360,,true,,10,50,,,,-3000,,,graphics/effects/explosion.swf,poisoncloud_big,
,,,,,,,,,,,,,,,,,,,,,graphics/effects/explosion.swf,poisoncloud_small,
ExplosionUp,9,250,450,100,200,700,1000,230,260,,,2,10,35,30,70,85,,,,graphics/effects/explosion.swf,ExplosionFire1,
,,,,,,,,,,,,,,,,,,,,,graphics/effects/explosion.swf,ExplosionFire2,
ExplosionSmoke,20,500,600,50,100,1700,2000,,360,,true,1,,,30,100,150,,,,graphics/effects/explosion.swf,FireSmoke,
Healing,20,1500,2000,100,200,700,1000,,360,,true,2,,,10,100,200,,,,graphics/effects/hit_effects.swf,Heal_plus,
SmokeTrail,30,,,100,150,500,700,,,true,,,,,,,,,,,graphics/effects/explosion.swf,SmokeTinySlow,
MushroomHat,10,1,1,,,1000,1300,,360,,true,,80,100,150,,,,10,50,graphics/effects/explosion.swf,FireParticle1,
,,,,,,,,,,,,,,,,,,,,,graphics/effects/explosion.swf,RisingSmoke,
,,,,,,,,,,,,,,,,,,,,,graphics/effects/explosion.swf,FireParticle2,
,,,,,,,,,,,,,,,,,,,,,graphics/effects/explosion.swf,FireParticle3,
SupporterEffect,3,1500,1500,300,300,1500,1500,,,,,,1,2,,50,50,,,,graphics/effects/particles/star_particles.swf,Star1Particle,
FireStorm,7,1300,1500,50,140,1200,1500,,,,,,,,,50,120,,,,graphics/effects/explosion.swf,Fire2_particle1,
,,,,,,,,,,,,,,,,,,,,,graphics/effects/explosion.swf,Fire2_particle3,
,,,,,,,,,,,,,,,,,,,,,graphics/effects/explosion.swf,Fire2_particle4,
,,,,,,,,,,,,,,,,,,,,,graphics/effects/explosion.swf,Fire2_particle5,
FireBall,6,,,,100,700,1000,,,,,,,,,,,,,,graphics/effects/explosion.swf,Fire2_rotator1,
,,,,,,,,,,,,,,,,,,,,,graphics/effects/explosion.swf,Fire2_rotator2,
,,,,,,,,,,,,,,,,,,,,,graphics/effects/explosion.swf,Fire2_rotator3,
HitEffectParticles,20,100,100,,10,150,200,1,360,,true,2,300,350,,60,100,,100,150,graphics/effects/explosion.swf,Sparkle,
HitEffectParticles2,15,200,200,,10,200,250,,360,,true,4,300,400,,200,300,,200,350,graphics/effects/explosion.swf,Sparkle,
toxic_emitter,20,400,400,10,15,400,500,,360,,,,200,300,40,150,200,-1500,,,graphics/effects/explosion.swf,SparkleGreen,
,,,,,,,,,,,,,,,,,,,,,graphics/effects/explosion.swf,SparkleGreenSmall,
toxic_burst,20,300,300,,,300,400,,360,,true,,200,220,,,,,10,200,graphics/effects/explosion.swf,SparkleGreen,
,,,,,,,,,,,,,,,,,,,,,graphics/effects/explosion.swf,SparkleGreenSmall,
SlowSparkles,10,,,100,120,1000,2000,,360,,true,2,,,35,50,80,,,,graphics/effects/explosion.swf,Sparkle,
RisingRings,5,800,1000,400,,1000,1000,,,,,,,,,80,100,,,,graphics/effects/explosion.swf,GlowCircleRise,
RisingFluff,20,1500,2000,150,300,1200,1500,,360,,true,1,,,20,60,100,,10,100,graphics/effects/explosion.swf,SpikeyGlowParticle,
StunClouds,5,800,1000,400,600,1500,1600,,,,true,,,,40,10,40,,,,graphics/effects/explosion.swf,StunCloud1,
,,,,,,,,,,,,,,,,,,,,,graphics/effects/explosion.swf,StunCloud2,
,,,,,,,,,,,,,,,,,,,,,graphics/effects/explosion.swf,StunCloud3,
BlueSparkEmitter,10,150,150,,10,200,350,,360,,true,,150,250,,200,200,,100,300,graphics/effects/explosion.swf,SparkleBlue,
RedSlashEmitter,10,150,200,10,20,200,300,,360,,true,1,300,300,,100,150,,150,200,graphics/effects/explosion.swf,SpikeyGlowParticleRed,
ScatterEmitter,5,200,350,,20,200,300,,,true,,,100,150,50,,,,,,graphics/effects/explosion.swf,Fire2_particle2,true
,,,,,,,,,,,,,,,,,,,,,graphics/effects/explosion.swf,Fire2_particle1,
LightningBurst,5,250,400,100,150,450,600,,,true,,3,,,60,,,,,,graphics/effects/explosion.swf,Lightning,true
,,,,,,,,,,,,,,,,,,,,,graphics/effects/explosion.swf,Lightning2,
,,,,,,,,,,,,,,,,,,,,,graphics/effects/explosion.swf,Lightning4,
LightningGlow,8,500,500,20,50,200,450,,,true,,1,200,200,35,,,,,,graphics/effects/explosion.swf,ElectricGlow,true
LighningRingEmitter,7,400,500,10,100,250,400,,360,,,1,10,30,,,,,,15,graphics/effects/explosion.swf,Lightning,
,,,,,,,,,,,,,,,,,,,,,graphics/effects/explosion.swf,Lightning2,
,,,,,,,,,,,,,,,,,,,,,graphics/effects/explosion.swf,Lightning3,
,,,,,,,,,,,,,,,,,,,,,graphics/effects/explosion.swf,Lightning4,
BlueSparksEmitter,30,100,100,,,300,400,,360,,true,,100,100,10,100,200,300,,,graphics/effects/explosion.swf,SparkleBlue,
DirectionalBlueSparkEmitter,30,500,500,,40,300,400,,,true,,2,100,200,35,,,,,,graphics/effects/explosion.swf,SparkleBlueOffset1,true
,,,,,,,,,,,,,,,,,,,,,graphics/effects/explosion.swf,SparkleBlueOffset2,
,,,,,,,,,,,,,,,,,,,,,graphics/effects/explosion.swf,SparkleBlueOffset3,
,,,,,,,,,,,,,,,,,,,,,graphics/effects/explosion.swf,SparkleBlueOffset4,
FlameEmitter,5,,,150,200,1200,1200,,,,,,,,,90,100,,,,graphics/effects/explosion.swf,FireParticle1,
,,,,,,,,,,,,,,,,,,,,,graphics/effects/explosion.swf,FireParticle2,
,,,,,,,,,,,,,,,,,,,,,graphics/effects/explosion.swf,FireParticle3,
WallExplosion,10,200,200,,20,250,300,,360,,true,,100,140,40,,,,,,graphics/effects/explosion.swf,FireParticle1,
,,,,,,,,,,,,,,,,,,,,,graphics/effects/explosion.swf,FireParticle2,
,,,,,,,,,,,,,,,,,,,,,graphics/effects/explosion.swf,FireParticle3,
WallExplosionSparks1,20,200,200,,10,250,350,,360,,true,,200,250,,,,,,,graphics/effects/explosion.swf,Sparkle,
Explosion Pilar,15,600,600,20,60,1000,1200,230,280,,,1,50,50,35,10,10,500,,,graphics/effects/explosion.swf,Fire2_rotator1,
,,,,,,,,,,,,,,,,,,,,,graphics/effects/explosion.swf,Fire2_rotator2,
,,,,,,,,,,,,,,,,,,,,,graphics/effects/explosion.swf,Fire2_rotator3,
Rock Pieces Emitter,25,400,400,,5,800,1200,,360,,true,,60,140,35,200,550,-2000,,,graphics/effects/particles/rock_particles.swf,Rock1Particle,
,,,,,,,,,,,,,,,,,,,,,graphics/effects/particles/rock_particles.swf,Rock2Particle,
,,,,,,,,,,,,,,,,,,,,,graphics/effects/particles/rock_particles.swf,Rock3Particle,
GlassShatterEmitter,10,1,,,,500,500,,360,,true,,70,120,,60,120,-1500,,,graphics/effects/explosion.swf,GlassShard1,
,,,,,,,,,,,,,,,,,,,,,graphics/effects/explosion.swf,GlassShard2,
,,,,,,,,,,,,,,,,,,,,,graphics/effects/explosion.swf,GlassShard3,
,,,,,,,,,,,,,,,,,,,,,graphics/effects/explosion.swf,GlassShard4,
,,,,,,,,,,,,,,,,,,,,,graphics/effects/explosion.swf,GlassShard5,
,,,,,,,,,,,,,,,,,,,,,graphics/effects/explosion.swf,GlassShard6,
,,,,,,,,,,,,,,,,,,,,,graphics/effects/explosion.swf,GlassShard7,
,,,,,,,,,,,,,,,,,,,,,graphics/effects/explosion.swf,GlassShard8,
GlassShatterEmitter2,15,1,,,,500,500,,360,,true,,60,120,45,40,100,-1500,,,graphics/effects/explosion.swf,GlassShard1,
,,,,,,,,,,,,,,,,,,,,,graphics/effects/explosion.swf,GlassShard2,
,,,,,,,,,,,,,,,,,,,,,graphics/effects/explosion.swf,GlassShard3,
,,,,,,,,,,,,,,,,,,,,,graphics/effects/explosion.swf,GlassShard4,
,,,,,,,,,,,,,,,,,,,,,graphics/effects/explosion.swf,GlassShard5,
,,,,,,,,,,,,,,,,,,,,,graphics/effects/explosion.swf,GlassShard6,
,,,,,,,,,,,,,,,,,,,,,graphics/effects/explosion.swf,GlassShard7,
,,,,,,,,,,,,,,,,,,,,,graphics/effects/explosion.swf,GlassShard8,
GlassShatterEmitter3,10,1,,,,500,500,,360,,true,,20,140,100,60,150,-1500,,,graphics/effects/explosion.swf,GlassShard1,
,,,,,,,,,,,,,,,,,,,,,graphics/effects/explosion.swf,GlassShard2,
,,,,,,,,,,,,,,,,,,,,,graphics/effects/explosion.swf,GlassShard3,
,,,,,,,,,,,,,,,,,,,,,graphics/effects/explosion.swf,GlassShard4,
,,,,,,,,,,,,,,,,,,,,,graphics/effects/explosion.swf,GlassShard5,
,,,,,,,,,,,,,,,,,,,,,graphics/effects/explosion.swf,GlassShard6,
,,,,,,,,,,,,,,,,,,,,,graphics/effects/explosion.swf,GlassShard7,
,,,,,,,,,,,,,,,,,,,,,graphics/effects/explosion.swf,GlassShard8,
ElectricSpring,50,,2600,10,150,1000,1500,1,360,,true,1,,,,50,70,,,,graphics/effects/explosion.swf,SparkleBlue,
ElectricSpring2,6,1,2600,1,6,1,2600,220,230,,,2,5,18,,,,,,,graphics/effects/explosion.swf,SparkleBlue,
RisingSmoke,3,,350,100,170,1500,2000,,,,,,,,,100,140,,,,graphics/effects/explosion.swf,RisingSmoke,
FireTrail,15,,,150,200,700,800,,,,,,,,,,,,,,graphics/effects/explosion.swf,MolotovTrailParticle,
FireSpray,7,1000,1000,50,100,300,450,,,true,,,170,200,30,100,140,,100,200,graphics/effects/explosion.swf,ExplosionTiny,
FireSpraySparks,30,2000,2000,50,200,500,700,,,true,,1,100,200,30,30,100,1000,,,graphics/effects/explosion.swf,Sparkle,
BloodStorm,20,300,300,,50,400,550,,360,,true,,100,150,60,100,150,-1000,100,200,graphics/effects/explo_man.swf,meaty_blood,
MeatFest,10,400,,,,1200,1500,,360,,true,,70,100,70,300,350,-2000,10,60,graphics/effects/explo_man.swf,meat_1,
,,,,,,,,,,,,,,,,,,,,,graphics/effects/explo_man.swf,meat_2,
,,,,,,,,,,,,,,,,,,,,,graphics/effects/explo_man.swf,meat_3,
,,,,,,,,,,,,,,,,,,,,,graphics/effects/explo_man.swf,meat_4,
,,,,,,,,,,,,,,,,,,,,,graphics/effects/explo_man.swf,meat_5,
MeatFest2,10,400,,,,1100,1500,,360,,true,,70,80,30,250,300,-2000,10,40,graphics/effects/explo_man.swf,meat_1,
,,,,,,,,,,,,,,,,,,,,,graphics/effects/explo_man.swf,meat_2,
,,,,,,,,,,,,,,,,,,,,,graphics/effects/explo_man.swf,meat_3,
,,,,,,,,,,,,,,,,,,,,,graphics/effects/explo_man.swf,meat_4,
,,,,,,,,,,,,,,,,,,,,,graphics/effects/explo_man.swf,meat_5,
BloodStorm2,20,300,300,,50,400,500,,360,,true,,120,150,30,100,150,-1000,100,200,graphics/effects/explo_man.swf,meaty_blood,
BloodCloud,3,,200,,50,600,1500,0,360,,true,,20,20,10,100,,,,,graphics/effects/explo_man.swf,BloodCloud,true
FallingAsh,40,2500,3000,200,450,2000,3500,,360,,true,1,1,2,100,-50,-80,,,,graphics/effects/explo_man.swf,ash,
FallingSparks,40,2500,3000,200,300,3500,4500,,360,,true,1,1,2,100,-20,-50,,,,graphics/effects/explosion.swf,Sparkle,
AshCloud,5,,2500,,150,1200,1500,0,360,,true,,,5,120,-100,-110,,,,graphics/effects/explosion.swf,RisingSmokeSmall,true
FallingCoal,30,2000,,30,70,500,600,,360,,true,1,,,80,-80,-95,,,,graphics/effects/explo_man.swf,coal1,
,,,,,,,,,,,,,,,,,,,,,graphics/effects/explo_man.swf,coal2,
,,,,,,,,,,,,,,,,,,,,,graphics/effects/explo_man.swf,coal3,
,,,,,,,,,,,,,,,,,,,,,graphics/effects/explo_man.swf,coal4,
ScrapEmitter,20,400,500,,20,1700,2000,,360,,true,,50,70,50,1200,1300,-3000,,,graphics/effects/explo_robot.swf,circuit_particle4,
,,,,,,,,,,,,,,,,,,,,,graphics/effects/explo_robot.swf,shaft_particle,
,,,,,,,,,,,,,,,,,,,,,graphics/effects/explo_robot.swf,circuit_particle3,
,,,,,,,,,,,,,,,,,,,,,graphics/effects/explo_robot.swf,gear_particle,
SkullEmitter,1,2000,2000,100,,2000,2000,,,true,,,40,60,70,400,500,-1000,,,graphics/effects/explo_man.swf,skull_particle,
BoneEmitter,10,400,500,10,30,2000,2000,,360,,true,,10,40,50,600,650,-2000,,,graphics/effects/explo_man.swf,bone_particle,
,,,,,,,,,,,,,,,,,,,,,graphics/effects/explo_man.swf,spine_particle,
,,,,,,,,,,,,,,,,,,,,,graphics/effects/explo_man.swf,rib_particle,
SkullBloodEmitter,10,700,800,10,80,600,700,,,true,,,,,60,150,500,,,,graphics/effects/explo_man.swf,meaty_blood_small,
ScrapMetalEmitter,10,200,200,,,600,700,,360,,true,1,180,200,40,200,230,,80,100,graphics/effects/explo_robot.swf,metal_particle1,
,,,,,,,,,,,,,,,,,,,,,graphics/effects/explo_robot.swf,metal_particle2,
,,,,,,,,,,,,,,,,,,,,,graphics/effects/explo_robot.swf,metal_particle3,
,,,,,,,,,,,,,,,,,,,,,graphics/effects/explo_robot.swf,metal_particle4,
HardwareEmitter,15,500,500,50,100,600,700,,360,,true,,60,90,50,800,900,-3000,,,graphics/effects/explo_robot.swf,bolt_particle1,
,,,,,,,,,,,,,,,,,,,,,graphics/effects/explo_robot.swf,nut_particle1,
ScrapEmitterSmall,12,300,300,10,40,1700,1900,,360,,true,1,20,50,40,600,700,-2000,,,graphics/effects/explo_robot.swf,nut_particle1,
,,,,,,,,,,,,,,,,,,,,,graphics/effects/explo_robot.swf,gear_particle,
,,,,,,,,,,,,,,,,,,,,,graphics/effects/explo_robot.swf,bolt_particle1,
BloodRain,70,4000,5000,100,150,2500,3000,,360,,true,2,,,200,-300,-400,,,500,graphics/effects/hit.swf,BloodSpatter2,
RobotSmoke,20,2000,,250,350,3100,3350,190,280,true,true,,1,2,0,10,30,,0,0,graphics/effects/explosion.swf,SmokeSlowRotation,
BloodStormSmall,20,300,300,,50,400,550,,360,,true,,90,120,20,100,150,-1000,100,150,graphics/effects/explo_man.swf,meaty_blood_small,
PigMeatBallEmitter,15,200,200,,20,900,1000,,360,,true,1,40,90,30,800,900,-3000,3,15,graphics/effects/explo_man.swf,meat_1,
,,,,,,,,,,,,,,,,,,,,,graphics/effects/explo_man.swf,meat_2,
,,,,,,,,,,,,,,,,,,,,,graphics/effects/explo_man.swf,meat_3,
,,,,,,,,,,,,,,,,,,,,,graphics/effects/explo_man.swf,meat_4,
StoneShowerEmitter,15,,,150,200,1500,1800,,360,,true,,15,,,600,,-2000,,,graphics/effects/particles/rock_particles.swf,Rock1ParticleSmall,
,,,,,,,,,,,,,,,,,,,,,graphics/effects/particles/rock_particles.swf,Rock2ParticleSmall,
,,,,,,,,,,,,,,,,,,,,,graphics/effects/particles/rock_particles.swf,Rock3ParticleSmall,
DigDustEmitter,10,,,100,150,700,1000,,360,,true,,10,,,30,,,,,graphics/effects/explosion.swf,Dust1,
GroundRubbleEmitter,30,,,,70,600,700,,360,,true,,20,,,30,,-1000,,,graphics/effects/particles/rock_particles.swf,Rock1ParticleSmall,
PoisonSquirtEmitter,10,1000,,100,200,500,700,,,true,,2,80,70,40,10,50,,10,50,graphics/effects/poison_squirt.swf,posion_squirt_small,
AntMeatBallEmitter,15,200,200,,20,900,1000,,360,,true,1,40,90,30,800,900,-3000,3,15,graphics/effects/poison_squirt.swf,ant_meat_1,
,,,,,,,,,,,,,,,,,,,,,graphics/effects/poison_squirt.swf,ant_meat_2,
,,,,,,,,,,,,,,,,,,,,,graphics/effects/poison_squirt.swf,ant_meat_3,
,,,,,,,,,,,,,,,,,,,,,graphics/effects/poison_squirt.swf,ant_meat_4,
AntSplashSmall,20,300,300,,50,400,550,,360,,true,,90,120,20,100,150,-1000,100,150,graphics/effects/poison_squirt.swf,posion_squirt_small,
AntPoisonCloud,3,,200,,50,600,1500,0,360,,true,,20,20,10,100,,,,,graphics/effects/poison_squirt.swf,PoisonCloud,true
AntSplashEmitter,10,700,800,10,80,600,700,,,true,,,,,60,150,500,,,,graphics/effects/poison_squirt.swf,posion_squirt_small,
PoisonDropsEmitter,25,300,,5,20,500,550,,360,,true,,80,,25,100,130,-1000,1,5,graphics/effects/poison_squirt.swf,PoisonParticle1,
,,,,,,,,,,,,,,,,,,,,,graphics/effects/poison_squirt.swf,PoisonParticle2,
,,,,,,,,,,,,,,,,,,,,,graphics/effects/poison_squirt.swf,PoisonParticle3,
,,,,,,,,,,,,,,,,,,,,,graphics/effects/poison_squirt.swf,PoisonParticle4,
,,,,,,,,,,,,,,,,,,,,,graphics/effects/poison_squirt.swf,PoisonParticle5,
PoisonSteamSmall,5,,,2000,4000,1800,3000,180,270,,true,,1,6,20,1,2,-900,,,graphics/effects/explosion.swf,egg_steamer,
PoisonSquirtCloudFarEmitter,10,1000,,100,,600,700,,,true,,4,80,120,40,,,,20,50,graphics/effects/explosion.swf,poisoncloud_small,
