Name,ArmorClassBonus,WeaponClass,RequiredLevel,Rarity,DiamondsOnly,LootDisabled,Tier,Enhancement,DropOnlyTo,Model,Mesh,ModelTexture,ShopRecommend,CriticalChance,LootMinLevel,LootMaxLevel,LootResource,LootExportName,YELLOW_TEXT_TID,Muzzle,MuzzleGlow,BulletTrail,BulletFlash,MeleeTrail,Icon,PostToSocialNetworks,DiamondCostExact,PlaceableInEditor
Police Special,Unarmored,.32 Pistol,4,Common,,TRUE,,,,graphics/3d/weapons/weapons.SUP,.32 cal,graphics/3d/weapons/textures/032cal_diffuse.png,,,,,,,,,,,,,,,,
45 Auto,Armored,.40 Pistol,7,Common,,TRUE,,,,graphics/3d/weapons/weapons.SUP,Browning high power,graphics/3d/weapons/textures/browning_hp.png,,,,,,,,,,,,,,,,
Smirnov-47,Unarmored,Assault Rifle,9,Common,,TRUE,,,,graphics/3d/weapons/weapons.SUP,mg_assaultRifle,graphics/3d/weapons/textures/assault_rifle.png,,,,,,,,,,,,,,,,
Hunting Rifle,Mechanical,Sniper Rifle,11,Common,,TRUE,,,,graphics/3d/weapons/weapons.SUP,Sniper_01,graphics/3d/weapons/textures/sniper_01.png,,,,,,,,,,,,,,,,
Machine Pistol,Armored,SMG,14,Common,,TRUE,,,,graphics/3d/weapons/weapons.SUP,mg_smg,graphics/3d/weapons/textures/smg.png,,,,,,,,,,,,,,,,
Gatling,Mechanical,50 cal Minigun,15,Common,,TRUE,,,,graphics/3d/weapons/weapons.SUP,mg_battleRifle,graphics/3d/weapons/textures/battle_rifle.png,,,,,,,,,,,,,,,,
Modded Shotgun,Unarmored,12ga Shotgun,18,Common,,TRUE,,,,graphics/3d/weapons/weapons.SUP,shotgun_singleBarreled,graphics/3d/weapons/textures/single_barreled.png,,,,,,,,,,,,,,,,
.50 Caliber Rifle,Armored,Battle Rifle,19,Common,,TRUE,,,,graphics/3d/weapons/weapons.SUP,mg_assaultRifle,graphics/3d/weapons/textures/assault_rifle.png,,,,,,,,,,,,,,,,
Modified SMG,Mechanical,Heavy Weapons,21,Common,,TRUE,,,,graphics/3d/weapons/weapons.SUP,mg_smg,graphics/3d/weapons/textures/smg_new.png,,,,,,,,,,,,,,,,
Hunter's Shotgun,Unarmored,SMG Unarmored,22,Common,,TRUE,,,,graphics/3d/weapons/weapons.SUP,shotgun_singleBarreled,graphics/3d/weapons/textures/single_barreled.png,,,,,,,,,,,,,,,,
Elephant Gun,Unarmored,Pump Shotgun,23,Common,,TRUE,,,,graphics/3d/weapons/weapons.SUP,shotgun_doubleBarreled,graphics/3d/weapons/textures/double_barreled.png,,,,,,,,,,,,,,,,
Stakeout Shotgun,Unarmored,20ga Shotgun,25,Common,,TRUE,,,,graphics/3d/weapons/weapons.SUP,shotgun_10gauge,graphics/3d/weapons/textures/10gauge.png,,,,,,,,,,,,,,,,
Heavy Rifle,Armored,Battle Rifle,26,Common,,TRUE,,,,graphics/3d/weapons/weapons.SUP,mg_battleRifle,graphics/3d/weapons/textures/battle_rifle.png,,,,,,,,,,,,,,,,
Lurker's Sniper,Mechanical,Sniper Rifle,27,Common,,TRUE,,,,graphics/3d/weapons/weapons.SUP,Sniper_04,graphics/3d/weapons/textures/sniper_04.png,,,,,,,,,,,,,,,,
Standard .40,Unarmored,.40 Pistol,4,Uncommon,,TRUE,,of Capacity,,graphics/3d/weapons/weapons.SUP,.40cal,graphics/3d/weapons/textures/040cal_diffuse.png,,,,,,,,,,,,,,,,
Rusty Carbine,Armored,Battle Rifle,6,Uncommon,,TRUE,,of the Scientist,,graphics/3d/weapons/weapons.SUP,mg_battleRifle,graphics/3d/weapons/textures/battle_rifle.png,,,,,,,,,,,,,,,,
Sawyer,Unarmored,.40 Pistol,7,Uncommon,,TRUE,,of Capacity,,graphics/3d/weapons/weapons.SUP,.40cal,graphics/3d/weapons/textures/040cal_diffuse_new.png,,1,,,,,,,,,,,,,,
Auto Carbine,Unarmored,Autoloading Shotgun,9,Uncommon,,TRUE,,of Capacity,,graphics/3d/weapons/weapons.SUP,shotgun_sawnoff,graphics/3d/weapons/textures/sawnoff.png,,,,,,,,,,,,,,,,
Home-made Minigun,Mechanical,Minigun,12,Uncommon,,TRUE,,of the Scientist,,graphics/3d/weapons/weapons.SUP,mg_minigun,graphics/3d/weapons/textures/minigun.png,,1,,,,,,,,,,,,,,
7.62mm Rifle,Armored,7.62mm Recoil-based,15,Uncommon,,TRUE,,of Determination,,graphics/3d/weapons/weapons.SUP,Sniper_04,graphics/3d/weapons/textures/sniper_04.png,,,,,,,,,,,,,,,,
Rhino Stopper,Unarmored,.40 Pistol,17,Uncommon,,TRUE,,of Capacity,,graphics/3d/weapons/weapons.SUP,magnum,graphics/3d/weapons/textures/044cal_diffuse.png,,,,,,,,,,,,,,,,
North Wind,Armored,7.62mm Recoil-based,19,Uncommon,,TRUE,,of the Scientist,,graphics/3d/weapons/weapons.SUP,Sniper_04,graphics/3d/weapons/textures/sniper_04.png,,,,,,,,,,,,,,,,
Dum-Dum Special,Unarmored,.40 Pistol,19,Uncommon,,TRUE,,of Determination,,graphics/3d/weapons/weapons_rare.SUP,magnum_rare,graphics/3d/weapons/textures/magnum_rare_01.png,,1,,,,,,,,,,,,,,
Sawn-off Shotgun,Unarmored,12ga Sawed-off,20,Uncommon,,TRUE,,of Capacity,,graphics/3d/weapons/weapons.SUP,shotgun_sawnoff,graphics/3d/weapons/textures/shotgun_sawnoff_rare_01.png,,,,,,,,,,,,,,,,
Nasty SMG,Unarmored,SMG Unarmored,21,Uncommon,,TRUE,,of the Scientist,,graphics/3d/weapons/weapons.SUP,mg_smg,graphics/3d/weapons/textures/smg.png,,,,,,,,,,,,,,,,
Sharpshooter,Armored,7.62mm Recoil-based,25,Uncommon,,TRUE,,of the Scientist,,graphics/3d/weapons/weapons.SUP,Sniper_04,graphics/3d/weapons/textures/sniper_04.png,,1,,,,,,,,,,,,,,
Splattershot,Unarmored,12ga Sawed-off,24,Uncommon,,TRUE,,of Capacity,,graphics/3d/weapons/weapons.SUP,shotgun_sawnoff,graphics/3d/weapons/textures/shotgun_sawnoff_rare_02.png,,,,,,,,,,,,,,,,
Smythe & Weston,Unarmored,.40 Pistol,22,Uncommon,,TRUE,,of Capacity,,graphics/3d/weapons/weapons_rare.SUP,magnum_rare,graphics/3d/weapons/textures/magnum_rare_02.png,,,,,,,,,,,,,,,,
Bullet Shover,Armored,SMG,25,Uncommon,,TRUE,,of Determination,,graphics/3d/weapons/weapons.SUP,mg_smg,graphics/3d/weapons/textures/smg_new.png,,2,,,,,,,,,,,,,,
Hello Bullet,Mechanical,Minigun,27,Uncommon,,TRUE,,of Capacity,,graphics/3d/weapons/weapons.SUP,mg_minigun,graphics/3d/weapons/textures/minigun_new.png,,,,,,,,,,,,,,,,
Experimental Rifle,Armored,7.62mm Recoil-based,28,Uncommon,,TRUE,,of the Scientist,,graphics/3d/weapons/weapons.SUP,Sniper_01,graphics/3d/weapons/textures/sniper_01.png,,1,,,,,,,,,,,,,,
Chaingun,Mechanical,Gatling,30,Uncommon,,TRUE,,of Capacity,,graphics/3d/weapons/weapons.SUP,mg_minigun03,graphics/3d/weapons/textures/minigun3.png,,1,,,,,,,,,,,,,,
Disruptor,Armored,SonicGun_pc,30,Uncommon,,TRUE,,of the Scientist,,graphics/3d/weapons/weapons.SUP,sonic_gun,graphics/3d/weapons/textures/sonic_gun_texture.png,,1,,,,,,,,,,,,,,
Anti-Tank Rifle,Mechanical,Battle Rifle,30,Uncommon,,TRUE,,of Capacity,,graphics/3d/weapons/weapons_rare.SUP,mg_assault_rifle_rare,graphics/3d/weapons/textures/mg_assault_rifle_rare_01.png,,1,,,,,,,,,,,,,,
Spitfire,Unarmored,Gatling,30,Uncommon,,TRUE,,of Capacity,,graphics/3d/weapons/weapons.SUP,mg_minigun02,graphics/3d/weapons/textures/minigun2_02.png,,2,,,,,,,,,,,,,,
Nerve Wrecker,Armored,SonicGun_pc,30,Uncommon,,TRUE,,of the Scientist,,graphics/3d/weapons/weapons.SUP,sonic_gun,graphics/3d/weapons/textures/sonic_gun_02.png,,3,,,,,,,,,,,,,,
Orbit Hunter,Mechanical,Battle Rifle,30,Uncommon,,TRUE,,of Determination,,graphics/3d/weapons/weapons2.SUP,Homemade_shotgun_01,graphics/3d/weapons/textures/homemade_shotgun_01.png,,2,,,,,,,,,,,,,,
Wasteland Pistol,Unarmored,Wasteland Pistol,3,Rare,,TRUE,,of the Hunter,,graphics/3d/weapons/weapons.SUP,eagle,graphics/3d/weapons/textures/eagle.png,,1,,,,,,,,,,,,,,
GKS Special,Unarmored,.40 Pistol,5,Rare,,TRUE,,of Brightness,,graphics/3d/weapons/weapons.SUP,auto_pistol,graphics/3d/weapons/textures/auto_pistol.png,TRUE,3,,,,,,,,,,,,,,
Falcon,Unarmored,Wasteland Pistol,7,Rare,,TRUE,,of the Ambusher,,graphics/3d/weapons/weapons.SUP,eagle,graphics/3d/weapons/textures/eagle_02.png,TRUE,1,,,,,,,,,,,,,,
Black Market Pistol,Unarmored,Wasteland Pistol,9,Rare,,TRUE,,of the Crymaker,,graphics/3d/weapons/weapons_rare.SUP,browning_high_power_rare,graphics/3d/weapons/textures/browning_high_power_rare_01.png,TRUE,1,,,,,,,,,,,,,,
Legendary Six-shooter,Unarmored,Six-shooter,11,Rare,,TRUE,,of Brightness,,graphics/3d/weapons/weapons_rare.SUP,magnum_rare,graphics/3d/weapons/textures/magnum_rare_01.png,TRUE,2,,,,,,,,,,,,,,
Snappy,Unarmored,20ga Shotgun,13,Rare,,TRUE,,of the Ambusher,,graphics/3d/weapons/weapons_rare.SUP,shotgun_singlebarreled_rare,graphics/3d/weapons/textures/shotgun_singlebarreled_rare_01.png,TRUE,3,,,,,,,,,,,,,,
Street Sweeper,Armored,Minigun,15,Rare,,TRUE,,of the Crymaker,,graphics/3d/weapons/weapons.SUP,mg_minigun03,graphics/3d/weapons/textures/minigun3.png,TRUE,3,,,,,,,,,,,,,,
Forty Four Special,Unarmored,Six-shooter,17,Rare,,TRUE,,of Brightness,,graphics/3d/weapons/weapons_rare.SUP,magnum_rare,graphics/3d/weapons/textures/magnum_rare_03.png,TRUE,4,,,,,,,,,,,,,,
Marksman MK1,Mechanical,Bot Sniper,19,Rare,,TRUE,,of the Crymaker,,graphics/3d/weapons/weapons.SUP,double_clip_sniper,graphics/3d/weapons/textures/double_clip_sniper.png,TRUE,3,,,,,,,,,,,,,,
Polygon SMG,Armored,SMG,21,Rare,,TRUE,,of the Hunter,,graphics/3d/weapons/weapons_rare.SUP,smg_rare,graphics/3d/weapons/textures/smg_rare_01.png,TRUE,5,,,,,,,,,,,,,,
Drum Rock 'n Roll,Unarmored,Gatling,23,Rare,,TRUE,,of the Ambusher,,graphics/3d/weapons/weapons.SUP,mg_minigun03,graphics/3d/weapons/textures/minigun3_02.png,TRUE,3,,,,,,,,,,,,,,
Maglev Rifle,Mechanical,Bot Sniper,25,Rare,,TRUE,,of Brightness,,graphics/3d/weapons/weapons.SUP,double_clip_sniper,graphics/3d/weapons/textures/double_clip_sniper_02.png,TRUE,6,,,,,,,,,,,,,,
Flock of Sparrows,Armored,SMG,27,Rare,,TRUE,,of the Crymaker,,graphics/3d/weapons/weapons_rare.SUP,smg_rare,graphics/3d/weapons/textures/smg_rare_02.png,TRUE,4,,,,,,,,,,,,,,
Whisperwind,Unarmored,Gatling,29,Rare,,TRUE,,of Brightness,,graphics/3d/weapons/weapons.SUP,mg_minigun03,graphics/3d/weapons/textures/minigun3_02.png,TRUE,6,,,,,,,,,,,,,,
Bada-boom!,Unarmored,12ga Double Barrel,30,Rare,,TRUE,,of the Crymaker,,graphics/3d/weapons/weapons.SUP,ops_shotgun,graphics/3d/weapons/textures/ops_shotgun.png,,6,,,,,,,,,,,,,,
Thumper,Mechanical,Assault Rifle,30,Rare,,TRUE,,of the Ambusher,,graphics/3d/weapons/weapons_rare.SUP,mg_assault_rifle_rare,graphics/3d/weapons/textures/mg_assault_rifle_rare_01.png,,6,,,,,,,,,,,,,,
Ghetto Blaster,Armored,SonicGun_pc,30,Rare,,TRUE,,of the Hunter,,graphics/3d/weapons/weapons.SUP,sonic_gun,graphics/3d/weapons/textures/sonic_gun_02.png,,8,,,,,,,,,,,,,,
Charlene,Unarmored,Labytech Pistol,2,Epic,,TRUE,,of 6th Sense,,graphics/3d/weapons/weapons_rare.SUP,.40 cal_rare,graphics/3d/weapons/textures/40cal_rare_01.png,TRUE,3,,,,,,,,,,,,,,
Sparrow Hawk,Unarmored,Next-Gen Sniper,4,Epic,TRUE,TRUE,,of Brightness,,graphics/3d/weapons/weapons.SUP,double_clip_sniper,graphics/3d/weapons/textures/double_clip_sniper_02.png,TRUE,5,,,,,,,,,,,,,,
Ivan,Unarmored,Labytech Pistol,6,Epic,TRUE,TRUE,,of the Crymaker,,graphics/3d/weapons/weapons_rare.SUP,.40 cal_rare,graphics/3d/weapons/textures/40cal_rare_02.png,TRUE,3,,,,,,,,,,,,,,
Raptor,Unarmored,Next-Gen Sniper,8,Epic,TRUE,TRUE,,of the Ambusher,,graphics/3d/weapons/weapons.SUP,double_clip_sniper,graphics/3d/weapons/textures/double_clip_sniper.png,TRUE,3,,,,,,,,,,,,,,
Vulture,Unarmored,Battle Rifle,10,Epic,TRUE,TRUE,,of the Hunter,,graphics/3d/weapons/weapons_rare.SUP,mg_battle_rifle_rare,graphics/3d/weapons/textures/mg_battle_rifle_rare_02.png,TRUE,5,,,,,,,,,,,,,,
Interceptor,Unarmored,Old plasma gun,12,Epic,TRUE,TRUE,,of the Crymaker,,graphics/3d/weapons/weapons2.SUP,Old_plasma_gun,graphics/3d/weapons/textures/old_plasma_gun_01.png,TRUE,4,,,,,,,,,,,,,,
Credibilitas,Unarmored,Assault rifle 2,14,Epic,TRUE,TRUE,,of 6th Sense,,graphics/3d/weapons/weapons2.SUP,Assault_rifle,graphics/3d/weapons/textures/assault_rifle_01.png,TRUE,4,,,,,,,,,,,,,,
Motivator,Armored,SMG,16,Epic,TRUE,TRUE,,of the Crymaker,,graphics/3d/weapons/weapons_rare.SUP,smg_rare,graphics/3d/weapons/textures/smg_rare_01.png,TRUE,5,,,,,,,,,,,,,,
Trailcannon,Unarmored,Gatling,18,Epic,TRUE,TRUE,,of Brightness,,graphics/3d/weapons/weapons.SUP,mg_minigun04,graphics/3d/weapons/textures/minigun4_02.png,TRUE,7,,,,,,,,,,,,,,
Rip-n-Pierce,Mechanical,Bot Sniper,20,Epic,TRUE,TRUE,,of 6th Sense,,graphics/3d/weapons/weapons2.SUP,Homemade_shotgun_02,graphics/3d/weapons/textures/homemade_shotgun.png,TRUE,6,,,,,,,,,,,,,,
Brutal Carousel,Armored,Minigun,22,Epic,TRUE,TRUE,,of the Hunter,,graphics/3d/weapons/weapons.SUP,mg_minigun04,graphics/3d/weapons/textures/minigun4_02.png,TRUE,8,,,,,,,,,,,,,,
Celestial,Mechanical,Bot Sniper,22,Epic,TRUE,TRUE,,of the Ambusher,,graphics/3d/weapons/weapons.SUP,double_clip_sniper,graphics/3d/weapons/textures/double_clip_sniper_03_new.png,TRUE,8,,,,,,,,,,,,,,
Stakeout Diva,Unarmored,Assault Rifle,26,Epic,TRUE,TRUE,,of the Crymaker,,graphics/3d/weapons/weapons_rare.SUP,mg_assault_rifle_rare,graphics/3d/weapons/textures/mg_assault_rifle_rare_01.png,TRUE,8,,,,,,,,,,,,,,
Vera,Armored,50 cal Minigun,28,Epic,,TRUE,,of the Ambusher,,graphics/3d/weapons/weapons2.SUP,50_cal_Minigun,graphics/3d/weapons/textures/50_cal_minigun.png,TRUE,2,,,,,,,,,,,,,,
Hound Dog,Mechanical,20ga Shotgun,30,Epic,,TRUE,3,of the Hunter,,graphics/3d/weapons/weapons_rare.SUP,shotgun_sawnoff_rare,graphics/3d/weapons/textures/shotgun_sawnoff_rare_03.png,,2,,,,,,,,,,,,,,
Reaperman,Armored,Minigun,30,Epic,,TRUE,3,of 6th Sense,,graphics/3d/weapons/weapons.SUP,mg_minigun04,graphics/3d/weapons/textures/minigun4_02.png,,2,,,,,,,,,,,,,,
Boom! Headshot!,Unarmored,Assault Rifle,30,Epic,,TRUE,5,of 6th Sense,,graphics/3d/weapons/weapons_rare.SUP,mg_assault_rifle_rare,graphics/3d/weapons/textures/mg_assault_rifle_rare_02.png,,2,,,,,,,,,,,,,,
Destroyer 3000,Unarmored,Assault Rifle,1,Uncommon,,TRUE,,of the Crymaker,,graphics/3d/weapons/weapons_rare.SUP,smg_rare,graphics/3d/weapons/textures/smg_rare_03.png,,,,,,,,,,,,,,,,TRUE
Mutant Modifed Shotgun,Unarmored,12ga Double Barrel,20,Rare,,TRUE,,of the Crymaker,,graphics/3d/weapons/weapons.SUP,shotgun_doubleBarreled,graphics/3d/weapons/textures/shotgun_doublebarreled_rare_03.png,,3,,,,,,,,,,,,,,
Customer Service,Armored,Minigun,30,Rare,,TRUE,1,of the Hunter,,graphics/3d/weapons/weapons.SUP,mg_minigun04,graphics/3d/weapons/textures/minigun4_02.png,,5,,,,,,,,,,,,,,
Deadly Rainstick,Unarmored,Assault Rifle,30,Epic,,TRUE,,of the Ambusher,,graphics/3d/weapons/weapons_rare.SUP,mg_assault_rifle_rare,graphics/3d/weapons/textures/mg_assault_rifle_rare_03.png,,12,,,,,,,,,,,,,,
Crater Launcher,Armored,SMG,30,Epic,,TRUE,4,of 6th Sense,,graphics/3d/weapons/weapons_rare.SUP,smg_rare,graphics/3d/weapons/textures/smg_rare_03.png,,6,,,,,,,,,,,,,,
Hello Sailor!,Mechanical,20ga Shotgun,30,Epic,,TRUE,4,of the Hunter,,graphics/3d/weapons/weapons_rare.SUP,shotgun_sawnoff_rare,graphics/3d/weapons/textures/shotgun_sawnoff_rare_03_new.png,,5,,,,,,,,,,,,,,
Custom Rifle,Unarmored,Assault Rifle,1,Common,,TRUE,,,,graphics/3d/weapons/weapons.SUP,mg_assaultRifle,graphics/3d/weapons/textures/assault_rifle.png,,,,,,,,,,,,,,,,
Turkey Gun,Armored,7.62mm Recoil-based,6,Uncommon,,TRUE,,of Determination,,graphics/3d/weapons/weapons.SUP,shotgun_sawnoff,graphics/3d/weapons/textures/sawnoff.png,,1,,,,,,,,,,,,,,
Backup Pistol,Unarmored,.40 Pistol,11,Uncommon,,TRUE,,of Capacity,,graphics/3d/weapons/weapons_rare.SUP,magnum_rare,graphics/3d/weapons/textures/magnum_rare_03.png,,1,,,,,,,,,,,,,,
Deer Rifle,Armored,7.62mm Recoil-based,16,Uncommon,,TRUE,,of the Scientist,,graphics/3d/weapons/weapons_rare.SUP,sniper_01_rare,graphics/3d/weapons/textures/sniper_rare_04_02.png,,1,,,,,,,,,,,,,,
Roger Destroys,Armored,SonicGun_pc,4,Poor,,TRUE,,of the Ambusher,,graphics/3d/weapons/weapons.SUP,sonic_gun,graphics/3d/weapons/textures/sonic_gun_texture.png,,0,,,,,,,,,,,,,,
Hermano,Unarmored,Gatling,3,Uncommon,,TRUE,,of Capacity,Hunter,graphics/3d/weapons/weapons.SUP,mg_minigun04,graphics/3d/weapons/textures/minigun4_02.png,,2,,,,,,,,,,,,,,
,,,,,,,,,Doctor,,,,,,,,,,,,,,,,,,,
Mafioso Shotgun,Armored,Mafioso,10,Rare,,TRUE,,of 6th Sense,,graphics/3d/weapons/weapons.SUP,shotgun_sawnoff,graphics/3d/weapons/textures/sawnoff.png,,2,,,,,,,,,,,,,,
Laser Lasher,Armored,Laser,10,Uncommon,,TRUE,,of Determination,,graphics/3d/weapons/weapons2.SUP,Silenced_pistol,graphics/3d/weapons/textures/silenced_pistol_01.png,,,,,,,,,,,,,,,,
Laser Flayer,Armored,Laser,10,Epic,TRUE,TRUE,,of 6th Sense,,graphics/3d/weapons/weapons2.SUP,Silenced_pistol,graphics/3d/weapons/textures/silenced_pistol_03.png,,,,,,,,,,,,,,,,
Blam,Unarmored,20ga Shotgun,15,Epic,TRUE,TRUE,,of the Crymaker,,graphics/3d/weapons/weapons2.SUP,Homemade_shotgun_01,graphics/3d/weapons/textures/homemade_shotgun_01.png,,,,,,,,,,,,,,,,
Blood Boiler,Mechanical,SonicGun_pc,8,Epic,TRUE,TRUE,,of Brightness,,graphics/3d/weapons/weapons2.SUP,Rocket_launcher,graphics/3d/weapons/textures/rocket_launcher_01.png,,,,,,,,,,,,,,,,
Rumble,Mechanical,SonicGun_pc,15,Epic,TRUE,TRUE,,of the Ambusher,,graphics/3d/weapons/weapons2.SUP,Rocket_launcher,graphics/3d/weapons/textures/rocket_launcher_02.png,,,,,,,,,,,,,,,,
Plasma Rifle,Armored,Plasma,10,Uncommon,,TRUE,,of the Hunter,,graphics/3d/weapons/weapons2.SUP,Old_industrial_plasma_gun,graphics/3d/weapons/textures/old_industrial_plasma_gun_01.png,,1,,,,,,,,,,,,,,
Heatwave,Armored,Plasma,20,Uncommon,,TRUE,,of the Ambusher,,graphics/3d/weapons/weapons2.SUP,Old_industrial_plasma_gun,graphics/3d/weapons/textures/old_industrial_plasma_gun_02.png,,8,,,,,,,,,,,,,,
Scorcher,Armored,Plasma,28,Uncommon,,TRUE,,of the Hunter,,graphics/3d/weapons/weapons2.SUP,Old_industrial_plasma_gun,graphics/3d/weapons/textures/old_industrial_plasma_gun_01.png,,1,,,,,,,,,,,,,,
Hot Fizz,Armored,Plasma,30,Epic,,TRUE,5,of the Hunter,,graphics/3d/weapons/weapons2.SUP,Old_industrial_plasma_gun,graphics/3d/weapons/textures/old_industrial_plasma_gun_02.png,TRUE,2,,,,,,,,,,,,,,
Cherub,Mechanical,Next-Gen Sniper,8,Uncommon,,TRUE,,of the Ambusher,,graphics/3d/weapons/weapons2.SUP,Sniper_rifle,graphics/3d/weapons/textures/sniper_rifle_01.png,,2,,,,,,,,,,,,,,
Shadow Shot,Mechanical,Next-Gen Sniper,18,Epic,TRUE,TRUE,,of the Crymaker,,graphics/3d/weapons/weapons2.SUP,Sniper_rifle,graphics/3d/weapons/textures/sniper_rifle_02.png,,4,,,,,,,,,,,,,,
Dark Angel,Mechanical,Next-Gen Sniper,30,Uncommon,,TRUE,,of the Crymaker,,graphics/3d/weapons/weapons2.SUP,Sniper_rifle,graphics/3d/weapons/textures/sniper_rifle_03.png,,4,,,,,,,,,,,,,,
Quake,Mechanical,SonicGun_pc,24,Epic,TRUE,TRUE,,of 6th Sense,,graphics/3d/weapons/weapons2.SUP,Antitank_launcher,graphics/3d/weapons/textures/antitank_launcher_02.png,,4,,,,,,,,,,,,,,
Snake Eye,Armored,Plasma,28,Epic,,TRUE,,of the Crymaker,,graphics/3d/weapons/weapons2.SUP,Old_plasma_gun,graphics/3d/weapons/textures/old_plasma_gun_01.png,,2,,,,,,,,,,,,,,
Kingfisher,Armored,Plasma,30,Epic,,TRUE,4,of the Ambusher,,graphics/3d/weapons/weapons2.SUP,Old_plasma_gun,graphics/3d/weapons/textures/old_plasma_gun_02.png,,2,,,,,,,,,,,,,,
Baller,Mechanical,Assault Rifle,25,Rare,,TRUE,,of Capacity,,graphics/3d/weapons/weapons2.SUP,Industrial_assault_rifle,graphics/3d/weapons/textures/industrial_assault_rifle_01.png,,6,,,,,,,,,,,,,,
Copycat,Mechanical,Gatling,19,Epic,TRUE,TRUE,,of 6th Sense,,graphics/3d/weapons/weapons2.SUP,50_cal_Minigun,graphics/3d/weapons/textures/50_cal_minigun.png,,,,,,,,,,,,,,,,
Big Dog,Mechanical,SonicGun_pc,20,Epic,TRUE,TRUE,,of the Hunter,,graphics/3d/weapons/weapons2.SUP,Generic_launcher,graphics/3d/weapons/textures/generic_launcher_03.png,,4,,,,,,,,,,,,,,
Pulse Rifle,Mechanical,Assault Rifle,15,Uncommon,,TRUE,,of Brightness,,graphics/3d/weapons/weapons2.SUP,Assault_rifle,graphics/3d/weapons/textures/assault_rifle_01.png,,4,,,,,,,,,,,,,,
Smooth Operator,Mechanical,Assault Rifle,20,Epic,TRUE,TRUE,,of Brightness,,graphics/3d/weapons/weapons2.SUP,Assault_rifle,graphics/3d/weapons/textures/assault_rifle_02.png,,4,,,,,,,,,,,,,,
Matrix Pistol,Armored,Laser,20,Uncommon,,TRUE,,of the Ambusher,,graphics/3d/weapons/weapons2.SUP,Sleek_pistol,graphics/3d/weapons/textures/sleek_pistol_01.png,,2,,,,,,,,,,,,,,
Neo Blaster,Armored,Laser,28,Uncommon,,TRUE,,of Determination,,graphics/3d/weapons/weapons2.SUP,Sleek_pistol,graphics/3d/weapons/textures/sleek_pistol_02.png,,2,,,,,,,,,,,,,,
Trinity,Armored,Laser,30,Epic,,TRUE,4,of the Crymaker,,graphics/3d/weapons/weapons2.SUP,Sleek_pistol,graphics/3d/weapons/textures/sleek_pistol_03.png,,2,,,,,,,,,,,,,,
Hole Punch,Mechanical,Gatling,30,Epic,,TRUE,5,of the Painmaker,,graphics/3d/weapons/weapons2.SUP,Handcannon,graphics/3d/weapons/textures/handcannon.png,,6,,,,,,,,,,,,,,
Riddler,Mechanical,Gatling,28,Uncommon,,TRUE,,of the Ambusher,,graphics/3d/weapons/weapons2.SUP,Handcannon,graphics/3d/weapons/textures/handcannon.png,,2,,,,,,,,,,,,,,
Autocannon,Mechanical,Gatling,25,Epic,TRUE,TRUE,,of the Hunter,,graphics/3d/weapons/weapons2.SUP,Homemade_cannon,graphics/3d/weapons/textures/homemade_cannon_01.png,,4,,,,,,,,,,,,,,
Space Dust,Unarmored,20ga Shotgun,18,Epic,TRUE,TRUE,,of the Crymaker,,graphics/3d/weapons/weapons2.SUP,Homemade_shotgun_02,graphics/3d/weapons/textures/homemade_shotgun.png,,8,,,,,,,,,,,,,,
Shooting Star,Unarmored,20ga Shotgun,28,Epic,TRUE,TRUE,,of Brightness,,graphics/3d/weapons/weapons2.SUP,Homemade_shotgun_02,graphics/3d/weapons/textures/homemade_shotgun_02.png,,2,,,,,,,,,,,,,,
Meteor Storm,Unarmored,20ga Shotgun,30,Epic,,TRUE,5,of the Painmaker,,graphics/3d/weapons/weapons2.SUP,Homemade_shotgun_02,graphics/3d/weapons/textures/homemade_shotgun_03.png,,4,,,,,,,,,,,,,,
Heavy Barrel,Mechanical,Assault Rifle,30,Epic,,TRUE,4,of the Hunter,,graphics/3d/weapons/weapons2.SUP,Industrial_assault_rifle,graphics/3d/weapons/textures/industrial_assault_rifle_01.png,,2,,,,,,,,,,,,,,
Rage Against,Mechanical,Assault Rifle,30,Epic,,TRUE,4,of the Ambusher,,graphics/3d/weapons/weapons2.SUP,Industrial_assault_rifle,graphics/3d/weapons/textures/industrial_assault_rifle_01.png,,2,,,,,,,,,,,,,,
Acedia,Mechanical,20ga Shotgun,30,Epic,,TRUE,3,of the Ambusher,,graphics/3d/weapons/weapons2.SUP,Homemade_shotgun_01,graphics/3d/weapons/textures/homemade_shotgun_01.png,,3,,,,,,,,,,,,,,
One Shot,Mechanical,Next-Gen Sniper,30,Epic,,TRUE,5,of the Ambusher,,graphics/3d/weapons/weapons.SUP,double_clip_sniper,graphics/3d/weapons/textures/double_clip_sniper_03.png,,15,,,,,,,,,,,,,,
Dirty,Unarmored,Labytech Pistol,30,Epic,,TRUE,4,of Capacity,,graphics/3d/weapons/weapons.SUP,auto_pistol,graphics/3d/weapons/textures/auto_pistol_03.png,,5,,,,,,,,,,,,,,
Old Rusty Pistol,Unarmored,.32 Pistol,1,Uncommon,,TRUE,,,,graphics/3d/weapons/weapons.SUP,.32 cal,graphics/3d/weapons/textures/032cal_diffuse.png,,,,,,,,,,,,,,,,TRUE
Fire Up,Armored,Six-shooter,30,Epic,,TRUE,2,of the Judgment,,graphics/3d/weapons/weapons_rare.SUP,magnum_rare,graphics/3d/weapons/textures/magnum_rare_03.png,,12,,,,,,,,,,,,,,
Lifebringer [Insta-Healer],Unarmored,Special Weapon: Insta-Healer,30,Epic,,TRUE,2,of Capacity,Doctor,graphics/3d/weapons/weapons.SUP,healing_gun,graphics/3d/weapons/textures/healing_gun.png,,5,,,,,,,,,,,46,,,
Six Saver [Insta-Healer],Armored,Special Weapon: Insta-Healer,30,Rare,,TRUE,,of Brightness,Doctor,graphics/3d/weapons/weapons_rare.SUP,magnum_rare,graphics/3d/weapons/textures/40cal_rare_03.png,,,,,,,,,,,,,46,,,
Used 9mm Pistol,Unarmored,9mm Pistol,6,Common,,TRUE,,,,graphics/3d/weapons/weapons.SUP,9mm,graphics/3d/weapons/textures/9mm_diffuse.png,,,,,,,,,,,,,,,,
Deathbringer [Firefly],Unarmored,Special Weapon: Firefly,30,Epic,TRUE,TRUE,5,of the Assassin,Hunter,graphics/3d/weapons/weapons2.SUP,Industrial_assault_rifle,graphics/3d/weapons/textures/assault_rifle_02.png,,7,,,,,,,,,,,,,,
Breathtaker [Wasp],Mechanical,Special Weapon: Wasp,30,Rare,,TRUE,,of the Troublemaker,Hunter,graphics/3d/weapons/weapons.SUP,auto_pistol,graphics/3d/weapons/textures/auto_pistol_02.png,,,,,,,,,,,,,49,,,
Ordinary 9mm,Unarmored,9mm Pistol,9,Common,,TRUE,,,,graphics/3d/weapons/weapons.SUP,9mm,graphics/3d/weapons/textures/beretta9mm.png,,,,,,,,,,,,,,,,
Stardust [Insta-Healer],Unarmored,Special Weapon: Insta-Healer,30,Epic,TRUE,TRUE,5,of the Troublemaker,Doctor,graphics/3d/weapons/weapons_rare.SUP,Browning_high_power_rare,graphics/3d/weapons/textures/browning_high_power_rare_02.png,,,,,,,,,,,,,46,,,
Fulmar [Insta-Healer],Unarmored,Special Weapon: Insta-Healer,30,Epic,,TRUE,1,of Brightness,Doctor,graphics/3d/weapons/weapons_rare.SUP,Browning_high_power_rare,graphics/3d/weapons/textures/browning_high_power_rare_03.png,,2,,,,,,,,,,,46,,,
Labycore Proto Pistol,Mechanical,Labytech Pistol,30,Uncommon,,TRUE,,,,graphics/3d/weapons/weapons.SUP,auto_pistol,graphics/3d/weapons/textures/colt_autoload.png,,,,,,,,,,,,,,,,
Deadly Whisper [Wasp],Unarmored,Special Weapon: Wasp,30,Epic,TRUE,TRUE,5,of Capacity,Hunter,graphics/3d/weapons/weapons_rare.SUP,colt_autoload_rare,graphics/3d/weapons/textures/colt_autoload_rare_01.png,,10,,,,,,,,,,,50,,,
Deadly Shout [Wasp],Unarmored,Special Weapon: Wasp,30,Epic,,TRUE,3,of the Assassin,Hunter,graphics/3d/weapons/weapons_rare.SUP,colt_autoload_rare,graphics/3d/weapons/textures/colt_autoload_rare_02.png,,8,,,,,,,,,,,50,,,
Deadly Scream [Wasp],Unarmored,Special Weapon: Wasp,30,Epic,TRUE,TRUE,5,of the Troublemaker,Hunter,graphics/3d/weapons/weapons_rare.SUP,colt_autoload_rare,graphics/3d/weapons/textures/colt_autoload_rare_03.png,,6,,,,,,,,,,,49,,,
Punk Killer,Armored,Revolver,4,Uncommon,,TRUE,,,,graphics/3d/weapons/weapons.SUP,eagle,graphics/3d/weapons/textures/eagle_03.png,,,,,,,,,,,,,,,,
Nice Six Shooter,Armored,Revolver,7,Uncommon,,TRUE,,,,graphics/3d/weapons/weapons.SUP,magnum,graphics/3d/weapons/textures/homemadegun.png,,,,,,,,,,,,,,,,
Little Kelly,Armored,Minigun,11,Uncommon,TRUE,TRUE,,,,graphics/3d/weapons/weapons.SUP,mg_minigun04,graphics/3d/weapons/textures/mg4.png,,,,,,,,,,,,,,,,
Lightbringer [Area-Healer],Armored,Special Weapon: Area-Healer,30,Rare,,TRUE,,of the Ambusher,Doctor,graphics/3d/weapons/weapons_rare.SUP,mg_assault_rifle_rare,graphics/3d/weapons/textures/mg_assault_rifle_rare_03.png,,12,,,,,,,,,,,31,,,
Golden Angel [Area-Healer],Armored,Special Weapon: Area-Healer,30,Epic,,TRUE,4,of Brightness,Doctor,graphics/3d/weapons/weapons_rare.SUP,mg_battle_rifle_rare,graphics/3d/weapons/textures/mg_battle_rifle_rare_03.png,,14,,,,,,,,,,,31,,,
Airbender,Armored,Minigun,10,Rare,,TRUE,,of the Crymaker,,graphics/3d/weapons/weapons.SUP,mg_minigun,graphics/3d/weapons/textures/minigun.png,,,,,,,,,,,,,,,,
Blightstopper,Armored,Minigun,14,Rare,TRUE,TRUE,,of the Hunter,,graphics/3d/weapons/weapons.SUP,mg_minigun,graphics/3d/weapons/textures/minigun2.png,,,,,,,,,,,,,,,,
Deathdisk,Armored,Minigun,18,Rare,,TRUE,,of the Ambusher,,graphics/3d/weapons/weapons.SUP,mg_minigun,graphics/3d/weapons/textures/minigun5.png,,,,,,,,,,,,,,,,
Gorebuster,Armored,Minigun,22,Rare,TRUE,TRUE,,of the Crymaker,,graphics/3d/weapons/weapons.SUP,mg_minigun,graphics/3d/weapons/textures/minigun5_02.png,,,,,,,,,,,,,,,,
Longrattler,Armored,Minigun,26,Rare,,TRUE,,of the Hunter,,graphics/3d/weapons/weapons.SUP,mg_minigun,graphics/3d/weapons/textures/minigun6.png,,,,,,,,,,,,,,,,
Zap Gone,Armored,Minigun,28,Rare,TRUE,TRUE,,of the Ambusher,,graphics/3d/weapons/weapons.SUP,mg_minigun,graphics/3d/weapons/textures/minigun6_02.png,,,,,,,,,,,,,,,,
Big Martha,Armored,Minigun,30,Rare,TRUE,TRUE,,of Brightness,,graphics/3d/weapons/weapons.SUP,mg_minigun,graphics/3d/weapons/textures/minigun_02.png,,6,,,,,,,,,,,,,,
Moon Owl [Prolonger],Mechanical,Special Weapon: Prolonger,30,Epic,TRUE,TRUE,4,of Brightness,Doctor,graphics/3d/weapons/weapons.SUP,ops_shotgun,graphics/3d/weapons/textures/ops_shotgun_02.png,,,,,,,,,,,,,56,,,
Labycore Proto Shotgun,Mechanical,SWAT Shotgun,30,Uncommon,,TRUE,,of the Hunter,,graphics/3d/weapons/weapons.SUP,ops_shotgun,graphics/3d/weapons/textures/ops_shotgun_03.png,,,,,,,,,,,,,,,,
Deadhunter [Firefly],Unarmored,Special Weapon: Firefly,30,Rare,,TRUE,,of the Painmaker,Hunter,graphics/3d/weapons/weapons_rare.SUP,shotgun_10gauge_rare,graphics/3d/weapons/textures/shotgun_10gauge_rare_01.png,,4,,,,,,,,,,,,,,
Manhunter [Firefly],Unarmored,Special Weapon: Firefly,30,Epic,,TRUE,1,of Rationality,Hunter,graphics/3d/weapons/weapons_rare.SUP,shotgun_10gauge_rare,graphics/3d/weapons/textures/shotgun_10gauge_rare_02.png,,,,,,,,,,,,,,,,
Sun Owl [Prolonger],Unarmored,Special Weapon: Prolonger,30,Epic,,TRUE,3,of Intuition,Doctor,graphics/3d/weapons/weapons_rare.SUP,shotgun_10gauge_rare,graphics/3d/weapons/textures/shotgun_10gauge_rare_03.png,,,,,,,,,,,,,56,,,
The Judge [Firefly],Unarmored,Special Weapon: Firefly,30,Epic,,TRUE,3,of the Ambusher,Hunter,graphics/3d/weapons/weapons_rare.SUP,shotgun_doubleBarreled_rare,graphics/3d/weapons/textures/shotgun_doublebarreled_rare_01.png,,,,,,,,,,,,,,,,
Stunmaster,Unarmored,12ga Double Barrel,30,Rare,,TRUE,,of Rationality,,graphics/3d/weapons/weapons_rare.SUP,shotgun_doubleBarreled_rare,graphics/3d/weapons/textures/shotgun_doublebarreled_rare_02.png,,,,,,,,,,,,,,,,
Kauna,Unarmored,20ga Shotgun,30,Epic,TRUE,TRUE,4,of the Ambusher,,graphics/3d/weapons/weapons_rare.SUP,shotgun_singleBarreled_rare,graphics/3d/weapons/textures/shotgun_singlebarreled_rare_02.png,,2,,,,,,,,,,,,,,
Snow Owl [Prolonger],Armored,Special Weapon: Prolonger,30,Epic,,TRUE,1,of 6th Sense,Doctor,graphics/3d/weapons/weapons_rare.SUP,shotgun_singleBarreled_rare,graphics/3d/weapons/textures/shotgun_singlebarreled_rare_03.png,,20,,,,,,,,,,,56,,,
Bolt-Action Sniper,Unarmored,7.62mm Bolt-Action,5,Common,,TRUE,,,,graphics/3d/weapons/weapons.SUP,Sniper_02,graphics/3d/weapons/textures/sniper_02.png,,,,,,,,,,,,,,,,
7.62mm Common Sniper,Unarmored,7.62mm Bolt-Action,10,Common,,TRUE,,,,graphics/3d/weapons/weapons.SUP,Sniper_03,graphics/3d/weapons/textures/sniper_03.png,,,,,,,,,,,,,,,,
Terralash,Mechanical,Next-Gen Sniper,30,Rare,TRUE,TRUE,2,of Intuition,,graphics/3d/weapons/weapons_rare.SUP,Sniper_01_rare,graphics/3d/weapons/textures/sniper_rare_01_01.png,,4,,,,,,,,,,,,,,
Terrakill,Mechanical,Next-Gen Sniper,30,Epic,TRUE,TRUE,3,of Capacity,,graphics/3d/weapons/weapons_rare.SUP,Sniper_01_rare,graphics/3d/weapons/textures/sniper_rare_01_02.png,,2,,,,,,,,,,,,,,
White Eagle [Area-Healer],Mechanical,Special Weapon: Area-Healer,30,Epic,,TRUE,,of Health,Doctor,graphics/3d/weapons/weapons_rare.SUP,Sniper_01_rare,graphics/3d/weapons/textures/sniper_rare_01_03.png,,5,,,,,,,,,,,42,,,
Deviscerator [Leviathan],Unarmored,Special Weapon: Leviathan,30,Rare,,TRUE,,of the Predator,Hunter,graphics/3d/weapons/weapons_rare.SUP,Sniper_02_rare,graphics/3d/weapons/textures/sniper_rare_02_01.png,,6,,,,,,,,,,,42,,,
Incinerator [Leviathan],Unarmored,Special Weapon: Leviathan,30,Epic,,TRUE,1,of the Painmaker,Hunter,graphics/3d/weapons/weapons_rare.SUP,Sniper_02_rare,graphics/3d/weapons/textures/sniper_rare_02_02.png,,1,,,,,,,,,,,42,,,
Obliterator [Leviathan],Unarmored,Special Weapon: Leviathan,30,Epic,,TRUE,2,of the Predator,Hunter,graphics/3d/weapons/weapons_rare.SUP,Sniper_02_rare,graphics/3d/weapons/textures/sniper_rare_02_03.png,,4,,,,,,,,,,,42,,,
Undertaker [Leviathan],Armored,Special Weapon: Leviathan,30,Epic,,TRUE,3,of the Legend,Hunter,graphics/3d/weapons/weapons_rare.SUP,Sniper_03_rare,graphics/3d/weapons/textures/sniper_rare_03_01.png,,8,,,,,,,,,,,42,,,
Blood Owl [Prolonger],Armored,Special Weapon: Prolonger,30,Epic,,TRUE,1,of the Legend,Doctor,graphics/3d/weapons/weapons_rare.SUP,Sniper_03_rare,graphics/3d/weapons/textures/sniper_rare_03_02.png,,2,,,,,,,,,,,42,,,
Silver Owl [Prolonger],Armored,Special Weapon: Prolonger,30,Epic,,TRUE,2,of 6th Sense,Doctor,graphics/3d/weapons/weapons_rare.SUP,Sniper_03_rare,graphics/3d/weapons/textures/sniper_rare_03_03.png,,2,,,,,,,,,,,42,,,
Omenfreezer,Unarmored,7.62mm Bolt-Action,30,Rare,,TRUE,,of the Predator,,graphics/3d/weapons/weapons_rare.SUP,Sniper_04_rare,graphics/3d/weapons/textures/sniper_rare_04_01.png,,9,,,,,,,,,,,,,,
Iron Maiden [Area-Healer],Mechanical,Special Weapon: Area-Healer,30,Epic,TRUE,TRUE,5,of Brightness,Doctor,graphics/3d/weapons/weapons_rare.SUP,Sniper_04_rare,graphics/3d/weapons/textures/sniper_rare_04_03.png,,10,,,,,,,,,,,42,,,
Crowd Control Infector Pistol,Armored,Labytech Pistol,30,Epic,,TRUE,1,of the Painmaker,,graphics/3d/weapons/weapons.SUP,auto_pistol,graphics/3d/weapons/textures/auto_pistol_02.png,,5,,,,,,,,,,,,,,
Hyperblaster Rifle,Unarmored,Assault Rifle,30,Epic,,TRUE,1,of the Predator,,graphics/3d/weapons/weapons2.SUP,Industrial_assault_rifle,graphics/3d/weapons/textures/assault_rifle_02.png,,3,,,,,,,,,,,,,,
Single-shot Terraripper,Unarmored,Next-Gen Sniper,30,Epic,,TRUE,1,of the Legend,,graphics/3d/weapons/weapons_rare.SUP,Sniper_01_rare,graphics/3d/weapons/textures/sniper_rare_01_03.png,,12,,,,,,,,,,,,,,
High-power Megadestroyer,Armored,20ga Shotgun,30,Epic,,TRUE,1,of Brightness,,graphics/3d/weapons/weapons2.SUP,Generic_launcher,graphics/3d/weapons/textures/generic_launcher_03.png,,3,,,,,,,,,,,,,,
Mama [Area-Healer],Mechanical,Special Weapon: Area-Healer,30,Epic,,TRUE,2,of Intuition,Doctor,graphics/3d/weapons/weapons2.SUP,Generic_launcher,graphics/3d/weapons/textures/generic_launcher_03.png,,,,,,,,,,,,,32,,,
Liberator [Leviathan],Unarmored,Special Weapon: Leviathan,30,Epic,TRUE,TRUE,5,of the Predator,Hunter,graphics/3d/weapons/weapons_rare.SUP,Sniper_02_rare,graphics/3d/weapons/textures/sniper_rare_02_02.png,,4,,,,,,,,,,,42,,,
Murska [Firefly],Unarmored,Special Weapon: Firefly,30,Epic,TRUE,TRUE,5,of the Painmaker,Hunter,graphics/3d/weapons/weapons_rare.SUP,shotgun_10gauge_rare,graphics/3d/weapons/textures/shotgun_10gauge_rare_01.png,,4,,,,,,,,,,,,,,
Spacemelter,Armored,Plasma,30,Epic,TRUE,TRUE,5,of the Judgment,,graphics/3d/weapons/weapons2.SUP,Old_industrial_plasma_gun,graphics/3d/weapons/textures/old_industrial_plasma_gun_02.png,,2,,,,,,,,,,,,,,
Painfinder,Armored,Plasma,30,Epic,,TRUE,2,of the Judgment,,graphics/3d/weapons/weapons2.SUP,Old_industrial_plasma_gun,graphics/3d/weapons/textures/old_industrial_plasma_gun_01.png,,2,,,,,,,,,,,,,,
Eliminator Equalizer,Unarmored,Battle Rifle,10,Epic,,TRUE,,of the Assassin,,graphics/3d/weapons/weapons_rare.SUP,mg_battle_rifle_rare,graphics/3d/weapons/textures/mg_battle_rifle_rare_02.png,TRUE,5,,,,,,,,,,,,,,
Healeranoid [Insta-Healer],Unarmored,Special Weapon: Insta-Healer,30,Rare,,TRUE,1,of Brightness,Doctor,graphics/3d/weapons/weapons_rare.SUP,Browning_high_power_rare,graphics/3d/weapons/textures/browning_high_power_rare_02.png,,,,,,,,,,,,,46,,,
Unstable [Wasp],Unarmored,Special Weapon: Wasp,30,Rare,,TRUE,1,of the Hunter,Hunter,graphics/3d/weapons/weapons_rare.SUP,colt_autoload_rare,graphics/3d/weapons/textures/colt_autoload_rare_01.png,,10,,,,,,,,,,,50,,,
Astroblender [Firefly],Unarmored,Special Weapon: Firefly,30,Epic,,TRUE,3,of the Assassin,Hunter,graphics/3d/weapons/weapons_rare.SUP,shotgun_10gauge_rare,graphics/3d/weapons/textures/shotgun_10gauge_rare_02.png,,,,,,,,,,,,,,,,
Articulated Insulter [Area-Healer],Mechanical,Special Weapon: Area-Healer,30,Epic,,TRUE,3,of Intuition,Doctor,graphics/3d/weapons/weapons_rare.SUP,Sniper_01_rare,graphics/3d/weapons/textures/sniper_rare_01_03.png,,5,,,,,,,,,,,42,,,
Minty Ultrasonic [Leviathan],Armored,Special Weapon: Leviathan,30,Epic,,TRUE,3,of the Assassin,Hunter,graphics/3d/weapons/weapons_rare.SUP,Sniper_03_rare,graphics/3d/weapons/textures/sniper_rare_03_01.png,,8,,,,,,,,,,,42,,,
Motor Sneezer [Prolonger],Armored,Special Weapon: Prolonger,30,Epic,,TRUE,3,of Determination,Doctor,graphics/3d/weapons/weapons_rare.SUP,Sniper_03_rare,graphics/3d/weapons/textures/sniper_rare_03_02.png,,2,,,,,,,,,,,42,,,
