Name,Text
TID_RANGED_NEW_0,Police Special
TID_RANGED_NEW_1,45 Auto
TID_RANGED_NEW_2,Smirnov-47
TID_RANGED_NEW_3,Hunting Rifle
TID_RANGED_NEW_4,Machine Pistol
TID_RANGED_NEW_5,Gatling
TID_RANGED_NEW_6,Modded Shotgun
TID_RANGED_NEW_7,.50 Caliber Rifle
TID_RANGED_NEW_8,Modified SMG
TID_RANGED_NEW_9,Hunter's Shotgun
TID_RANGED_NEW_10,Elephant Gun
TID_RANGED_NEW_11,Stakeout Shotgun
TID_RANGED_NEW_12,Heavy Rifle
TID_RANGED_NEW_13,Lurker's Sniper
TID_RANGED_NEW_14,Standard .40
TID_RANGED_NEW_15,Rusty Carbine
TID_RANGED_NEW_16,Sawyer
TID_RANGED_NEW_17,Auto Carbine
TID_RANGED_NEW_18,Home-made Minigun
TID_RANGED_NEW_19,7.62mm Rifle
TID_RANGED_NEW_20,Rhino Stopper
TID_RANGED_NEW_21,North Wind
TID_RANGED_NEW_22,Dum-Dum Special
TID_RANGED_NEW_23,Sawn-off Shotgun
TID_RANGED_NEW_24,Nasty SMG
TID_RANGED_NEW_25,Sharpshooter
TID_RANGED_NEW_26,Splattershot
TID_RANGED_NEW_27,Smythe & Weston
TID_RANGED_NEW_28,Bullet Shover
TID_RANGED_NEW_29,Hello Bullet
TID_RANGED_NEW_30,Experimental Rifle
TID_RANGED_NEW_31,Chaingun
TID_RANGED_NEW_32,Disruptor
TID_RANGED_NEW_33,Anti-Tank Rifle
TID_RANGED_NEW_34,Spitfire
TID_RANGED_NEW_35,Nerve Wrecker
TID_RANGED_NEW_36,Orbit Hunter
TID_RANGED_NEW_37,Wasteland Pistol
TID_RANGED_NEW_38,GKS Special
TID_RANGED_NEW_39,Falcon
TID_RANGED_NEW_40,Black Market Pistol
TID_RANGED_NEW_41,Legendary Six-shooter
TID_RANGED_NEW_42,Snappy
TID_RANGED_NEW_43,Street Sweeper
TID_RANGED_NEW_44,Forty Four Special
TID_RANGED_NEW_45,Marksman MK1
TID_RANGED_NEW_46,Polygon SMG
TID_RANGED_NEW_47,Drum Rock 'n Roll
TID_RANGED_NEW_48,Maglev Rifle
TID_RANGED_NEW_49,Flock of Sparrows
TID_RANGED_NEW_50,Whisperwind
TID_RANGED_NEW_51,Bada-boom!
TID_RANGED_NEW_52,Thumper
TID_RANGED_NEW_53,Ghetto Blaster
TID_RANGED_NEW_54,Charlene
TID_RANGED_NEW_55,Sparrow Hawk
TID_RANGED_NEW_56,Ivan
TID_RANGED_NEW_57,Raptor
TID_RANGED_NEW_58,Vulture
TID_RANGED_NEW_59,Interceptor
TID_RANGED_NEW_60,Credibilitas
TID_RANGED_NEW_61,Motivator
TID_RANGED_NEW_62,Trailcannon
TID_RANGED_NEW_63,Rip-n-Pierce
TID_RANGED_NEW_64,Brutal Carousel
TID_RANGED_NEW_65,Celestial
TID_RANGED_NEW_66,Stakeout Diva
TID_RANGED_NEW_67,Vera
TID_RANGED_NEW_68,Hound Dog
TID_RANGED_NEW_69,Reaperman
TID_RANGED_NEW_70,Boom! Headshot!
TID_RANGED_NEW_71,Destroyer 3000
TID_RANGED_NEW_72,Mutant Modifed Shotgun
TID_RANGED_NEW_73,Customer Service
TID_RANGED_NEW_74,Deadly Rainstick
TID_RANGED_NEW_75,Crater Launcher
TID_RANGED_NEW_76,Hello Sailor!
TID_RANGED_NEW_77,Custom Rifle
TID_RANGED_NEW_78,Turkey Gun
TID_RANGED_NEW_79,Backup Pistol
TID_RANGED_NEW_80,Deer Rifle
TID_RANGED_NEW_81,Roger Destroys
TID_RANGED_NEW_82,Hermano
TID_RANGED_NEW_83,Mafioso Shotgun
TID_RANGED_NEW_84,Laser Lasher
TID_RANGED_NEW_85,Laser Flayer
TID_RANGED_NEW_86,Blam
TID_RANGED_NEW_87,Blood Boiler
TID_RANGED_NEW_88,Rumble
TID_RANGED_NEW_89,Plasma Rifle
TID_RANGED_NEW_90,Heatwave
TID_RANGED_NEW_91,Scorcher
TID_RANGED_NEW_92,Hot Fizz
TID_RANGED_NEW_93,Cherub
TID_RANGED_NEW_94,Shadow Shot
TID_RANGED_NEW_95,Dark Angel
TID_RANGED_NEW_96,Quake
TID_RANGED_NEW_97,Snake Eye
TID_RANGED_NEW_98,Kingfisher
TID_RANGED_NEW_99,Baller
TID_RANGED_NEW_100,Copycat
TID_RANGED_NEW_101,Big Dog
TID_RANGED_NEW_102,Pulse Rifle
TID_RANGED_NEW_103,Smooth Operator
TID_RANGED_NEW_104,Matrix Pistol
TID_RANGED_NEW_105,Neo Blaster
TID_RANGED_NEW_106,Trinity
TID_RANGED_NEW_107,Hole Punch
TID_RANGED_NEW_108,Riddler
TID_RANGED_NEW_109,Autocannon
TID_RANGED_NEW_110,Space Dust
TID_RANGED_NEW_111,Shooting Star
TID_RANGED_NEW_112,Meteor Storm
TID_RANGED_NEW_113,Heavy Barrel
TID_RANGED_NEW_114,Rage Against
TID_RANGED_NEW_115,Acedia
TID_RANGED_NEW_116,One Shot
TID_RANGED_NEW_117,Dirty
TID_RANGED_NEW_118,Old Rusty Pistol
TID_RANGED_NEW_119,Fire Up
TID_RANGED_NEW_120,Lifebringer [Insta-Healer]
TID_RANGED_NEW_121,Six Saver [Insta-Healer]
TID_RANGED_NEW_122,Used 9mm Pistol
TID_RANGED_NEW_123,Deathbringer [Firefly]
TID_RANGED_NEW_124,Breathtaker [Wasp]
TID_RANGED_NEW_125,Ordinary 9mm
TID_RANGED_NEW_126,Stardust [Insta-Healer]
TID_RANGED_NEW_127,Fulmar [Insta-Healer]
TID_RANGED_NEW_128,Labycore Proto Pistol
TID_RANGED_NEW_129,Deadly Whisper [Wasp]
TID_RANGED_NEW_130,Deadly Shout [Wasp]
TID_RANGED_NEW_131,Deadly Scream [Wasp]
TID_RANGED_NEW_132,Punk Killer
TID_RANGED_NEW_133,Nice Six Shooter
TID_RANGED_NEW_134,Little Kelly
TID_RANGED_NEW_135,Lightbringer [Area-Healer]
TID_RANGED_NEW_136,Golden Angel [Area-Healer]
TID_RANGED_NEW_137,Airbender
TID_RANGED_NEW_138,Blightstopper
TID_RANGED_NEW_139,Deathdisk
TID_RANGED_NEW_140,Gorebuster
TID_RANGED_NEW_141,Longrattler
TID_RANGED_NEW_142,Zap Gone
TID_RANGED_NEW_143,Big Martha
TID_RANGED_NEW_144,Moon Owl [Prolonger]
TID_RANGED_NEW_145,Labycore Proto Shotgun
TID_RANGED_NEW_146,Deadhunter [Firefly]
TID_RANGED_NEW_147,Manhunter [Firefly]
TID_RANGED_NEW_148,Sun Owl [Prolonger]
TID_RANGED_NEW_149,The Judge [Firefly]
TID_RANGED_NEW_150,Stunmaster
TID_RANGED_NEW_151,Kauna
TID_RANGED_NEW_152,Snow Owl [Prolonger]
TID_RANGED_NEW_153,Bolt-Action Sniper
TID_RANGED_NEW_154,7.62mm Common Sniper
TID_RANGED_NEW_155,Terralash
TID_RANGED_NEW_156,Terrakill
TID_RANGED_NEW_157,White Eagle [Area-Healer]
TID_RANGED_NEW_158,Deviscerator [Leviathan]
TID_RANGED_NEW_159,Incinerator [Leviathan]
TID_RANGED_NEW_160,Obliterator [Leviathan]
TID_RANGED_NEW_161,Undertaker [Leviathan]
TID_RANGED_NEW_162,Blood Owl [Prolonger]
TID_RANGED_NEW_163,Silver Owl [Prolonger]
TID_RANGED_NEW_164,Omenfreezer
TID_RANGED_NEW_165,Iron Maiden [Area-Healer]
TID_RANGED_NEW_166,Crowd Control Infector Pistol
TID_RANGED_NEW_167,Hyperblaster Rifle
TID_RANGED_NEW_168,Single-shot Terraripper
TID_RANGED_NEW_169,High-power Megadestroyer
TID_RANGED_NEW_170,Mama [Area-Healer]
TID_RANGED_NEW_171,Liberator [Leviathan]
TID_RANGED_NEW_172,Murska [Firefly]
TID_RANGED_NEW_173,Spacemelter
TID_RANGED_NEW_174,Painfinder
TID_RANGED_NEW_175,Eliminator Equalizer
TID_RANGED_NEW_176,Healeranoid [Insta-Healer]
TID_RANGED_NEW_177,Unstable [Wasp]
TID_RANGED_NEW_178,Astroblender [Firefly]
TID_RANGED_NEW_179,Articulated Insulter [Area-Healer]
TID_RANGED_NEW_180,Minty Ultrasonic [Leviathan]
TID_RANGED_NEW_181,Motor Sneezer [Prolonger]
